,version_id_145,policy_id_145,fake_outcome,timestamp_145
0,5198,1,1,2020-11-27 10:45:54.350939
1,5198,3,1,2020-11-27 10:45:54.355832
2,5199,3,1,2020-11-27 10:45:54.360417
3,5199,3,1,2020-11-27 10:45:54.364906
4,5199,1,1,2020-11-27 10:45:54.367241
5,5199,3,1,2020-11-27 10:45:54.372041
6,5199,3,1,2020-11-27 10:45:54.377453
7,5199,3,0,2020-11-27 10:45:54.381667
8,5197,3,0,2020-11-27 10:45:54.387359
9,5197,1,1,2020-11-27 10:45:54.389663
10,5197,1,0,2020-11-27 10:45:54.391961
11,5198,3,1,2020-11-27 10:45:54.396114
12,5198,3,1,2020-11-27 10:45:54.400429
13,5198,3,0,2020-11-27 10:45:54.405685
14,5198,1,1,2020-11-27 10:45:54.408030
15,5199,1,1,2020-11-27 10:45:54.410265
16,5198,3,1,2020-11-27 10:45:54.414517
17,5199,3,1,2020-11-27 10:45:54.420175
18,5198,3,1,2020-11-27 10:45:54.424546
19,5199,3,0,2020-11-27 10:45:54.428882
20,5198,3,1,2020-11-27 10:45:54.433434
21,5198,3,1,2020-11-27 10:45:54.439188
22,5198,3,0,2020-11-27 10:45:54.443590
23,5199,1,1,2020-11-27 10:45:54.445961
24,5199,3,1,2020-11-27 10:45:54.450400
25,5199,1,1,2020-11-27 10:45:54.453706
26,5199,3,1,2020-11-27 10:45:54.458192
27,5199,3,1,2020-11-27 10:45:54.462610
28,5198,3,1,2020-11-27 10:45:54.467112
29,5198,3,1,2020-11-27 10:45:54.472737
30,5198,3,0,2020-11-27 10:45:54.477143
31,5199,1,1,2020-11-27 10:45:54.479428
32,5198,3,1,2020-11-27 10:45:54.483839
33,5199,3,1,2020-11-27 10:45:54.489655
34,5198,3,0,2020-11-27 10:45:54.493989
35,5199,3,0,2020-11-27 10:45:54.498341
36,5198,3,1,2020-11-27 10:45:54.504118
37,5199,3,1,2020-11-27 10:45:54.508561
38,5199,3,1,2020-11-27 10:45:54.512817
39,5197,1,0,2020-11-27 10:45:54.515111
40,5199,3,1,2020-11-27 10:45:54.519454
41,5198,3,1,2020-11-27 10:45:54.523689
42,5198,3,1,2020-11-27 10:45:54.527870
43,5198,3,0,2020-11-27 10:45:54.532055
44,5199,1,1,2020-11-27 10:45:54.534387
45,5199,3,1,2020-11-27 10:45:54.538796
46,5199,3,1,2020-11-27 10:45:54.543258
47,5198,3,1,2020-11-27 10:45:54.547703
48,5198,3,1,2020-11-27 10:45:54.552079
49,5199,3,1,2020-11-27 10:45:54.556460
50,5199,3,1,2020-11-27 10:45:54.560799
51,5199,3,1,2020-11-27 10:45:54.565068
52,5198,3,1,2020-11-27 10:45:54.569302
53,5199,3,1,2020-11-27 10:45:54.573534
54,5199,1,1,2020-11-27 10:45:54.575698
55,5197,3,1,2020-11-27 10:45:54.579820
56,5199,3,1,2020-11-27 10:45:54.584033
57,5199,3,1,2020-11-27 10:45:54.588487
58,5198,3,1,2020-11-27 10:45:54.592692
59,5199,3,1,2020-11-27 10:45:54.597195
60,5199,3,1,2020-11-27 10:45:54.601539
61,5197,3,0,2020-11-27 10:45:54.605892
62,5199,3,1,2020-11-27 10:45:54.611242
63,5198,1,1,2020-11-27 10:45:54.613742
64,5199,3,0,2020-11-27 10:45:54.618158
65,5199,3,1,2020-11-27 10:45:54.623627
66,5199,3,1,2020-11-27 10:45:54.628130
67,5199,3,0,2020-11-27 10:45:54.632398
68,5199,1,1,2020-11-27 10:45:54.634601
69,5199,3,1,2020-11-27 10:45:54.639218
70,5198,3,1,2020-11-27 10:45:54.643754
71,5198,3,0,2020-11-27 10:45:54.648179
72,5199,3,1,2020-11-27 10:45:54.652609
73,5198,3,0,2020-11-27 10:45:54.657328
74,5198,1,1,2020-11-27 10:45:54.659843
75,5198,3,1,2020-11-27 10:45:54.664265
76,5199,3,1,2020-11-27 10:45:54.668798
77,5199,3,0,2020-11-27 10:45:54.673563
78,5199,3,1,2020-11-27 10:45:54.678414
79,5198,3,1,2020-11-27 10:45:54.683057
80,5199,3,1,2020-11-27 10:45:54.687780
81,5197,3,1,2020-11-27 10:45:54.692519
82,5199,3,1,2020-11-27 10:45:54.697309
83,5198,1,1,2020-11-27 10:45:54.699956
84,5198,3,1,2020-11-27 10:45:54.705158
85,5198,3,1,2020-11-27 10:45:54.711077
86,5197,3,1,2020-11-27 10:45:54.716703
87,5198,3,1,2020-11-27 10:45:54.722514
88,5199,3,1,2020-11-27 10:45:54.727603
89,5197,3,0,2020-11-27 10:45:54.732646
90,5199,3,1,2020-11-27 10:45:54.738229
91,5199,3,1,2020-11-27 10:45:54.743682
92,5199,3,1,2020-11-27 10:45:54.748694
93,5199,3,1,2020-11-27 10:45:54.754023
94,5199,1,1,2020-11-27 10:45:54.756784
95,5199,3,1,2020-11-27 10:45:54.762378
96,5198,3,1,2020-11-27 10:45:54.768060
97,5198,3,0,2020-11-27 10:45:54.773806
98,5198,1,1,2020-11-27 10:45:54.776550
99,5199,1,1,2020-11-27 10:45:54.779120
100,5199,3,1,2020-11-27 10:45:54.784488
101,5199,3,1,2020-11-27 10:45:54.790381
102,5199,3,1,2020-11-27 10:45:54.796239
103,5199,3,1,2020-11-27 10:45:54.802059
104,5199,3,1,2020-11-27 10:45:54.808143
105,5199,3,1,2020-11-27 10:45:54.813176
106,5198,1,1,2020-11-27 10:45:54.816332
107,5199,3,1,2020-11-27 10:45:54.821295
108,5198,1,1,2020-11-27 10:45:54.824520
109,5199,3,1,2020-11-27 10:45:54.829900
110,5199,3,1,2020-11-27 10:45:54.835530
111,5199,3,1,2020-11-27 10:45:54.841483
112,5199,3,1,2020-11-27 10:45:54.846914
113,5197,3,0,2020-11-27 10:45:54.852729
114,5199,3,1,2020-11-27 10:45:54.858690
115,5199,3,1,2020-11-27 10:45:54.865248
116,5199,3,1,2020-11-27 10:45:54.870688
117,5199,3,1,2020-11-27 10:45:54.876408
118,5199,3,1,2020-11-27 10:45:54.882581
119,5199,3,1,2020-11-27 10:45:54.888642
120,5199,1,1,2020-11-27 10:45:54.891294
121,5199,1,1,2020-11-27 10:45:54.893875
122,5198,1,1,2020-11-27 10:45:54.897064
123,5199,3,1,2020-11-27 10:45:54.901902
124,5199,1,1,2020-11-27 10:45:54.904989
125,5199,3,1,2020-11-27 10:45:54.909772
126,5199,3,1,2020-11-27 10:45:54.915135
127,5198,1,1,2020-11-27 10:45:54.917834
128,5199,3,1,2020-11-27 10:45:54.922897
129,5199,3,1,2020-11-27 10:45:54.928729
130,5199,1,1,2020-11-27 10:45:54.931124
131,5199,3,1,2020-11-27 10:45:54.936469
132,5199,3,1,2020-11-27 10:45:54.940946
133,5199,3,1,2020-11-27 10:45:54.945882
134,5198,1,0,2020-11-27 10:45:54.948271
135,5199,3,1,2020-11-27 10:45:54.953586
136,5199,3,1,2020-11-27 10:45:54.958525
137,5198,1,1,2020-11-27 10:45:54.960902
138,5199,3,1,2020-11-27 10:45:54.965286
139,5199,3,1,2020-11-27 10:45:54.970239
140,5199,1,1,2020-11-27 10:45:54.972607
141,5199,3,1,2020-11-27 10:45:54.977424
142,5199,3,1,2020-11-27 10:45:54.981846
143,5199,3,1,2020-11-27 10:45:54.986426
144,5199,3,1,2020-11-27 10:45:54.990933
145,5199,3,0,2020-11-27 10:45:54.995163
146,5198,1,0,2020-11-27 10:45:54.997564
147,5199,3,1,2020-11-27 10:45:55.001981
148,5198,1,1,2020-11-27 10:45:55.004692
149,5199,3,1,2020-11-27 10:45:55.009223
150,5199,3,1,2020-11-27 10:45:55.013453
151,5199,3,1,2020-11-27 10:45:55.018069
152,5199,3,0,2020-11-27 10:45:55.023068
153,5199,3,1,2020-11-27 10:45:55.027405
154,5199,3,1,2020-11-27 10:45:55.031624
155,5199,3,1,2020-11-27 10:45:55.036148
156,5199,3,1,2020-11-27 10:45:55.040472
157,5199,3,1,2020-11-27 10:45:55.044986
158,5199,3,1,2020-11-27 10:45:55.051271
159,5199,3,1,2020-11-27 10:45:55.055781
160,5198,1,1,2020-11-27 10:45:55.058202
161,5197,1,0,2020-11-27 10:45:55.060406
162,5198,1,0,2020-11-27 10:45:55.062559
163,5197,1,1,2020-11-27 10:45:55.064666
164,5199,3,1,2020-11-27 10:45:55.068855
165,5199,3,1,2020-11-27 10:45:55.073165
166,5199,3,1,2020-11-27 10:45:55.077611
167,5199,3,1,2020-11-27 10:45:55.081963
168,5199,3,1,2020-11-27 10:45:55.086641
169,5199,3,1,2020-11-27 10:45:55.091031
170,5198,1,0,2020-11-27 10:45:55.093616
171,5199,3,1,2020-11-27 10:45:55.097995
172,5199,3,1,2020-11-27 10:45:55.103048
173,5199,3,1,2020-11-27 10:45:55.107921
174,5199,3,1,2020-11-27 10:45:55.113704
175,5199,3,1,2020-11-27 10:45:55.118694
176,5197,1,1,2020-11-27 10:45:55.121703
177,5199,3,1,2020-11-27 10:45:55.126325
178,5199,3,1,2020-11-27 10:45:55.130645
179,5199,1,1,2020-11-27 10:45:55.133123
180,5197,1,1,2020-11-27 10:45:55.135301
181,5199,3,0,2020-11-27 10:45:55.139699
182,5198,3,1,2020-11-27 10:45:55.144399
183,5199,3,1,2020-11-27 10:45:55.148826
184,5199,3,1,2020-11-27 10:45:55.153104
185,5199,3,1,2020-11-27 10:45:55.157467
186,5199,3,1,2020-11-27 10:45:55.162005
187,5197,1,0,2020-11-27 10:45:55.164343
188,5199,3,1,2020-11-27 10:45:55.168628
189,5199,3,1,2020-11-27 10:45:55.173019
190,5199,3,0,2020-11-27 10:45:55.177411
191,5198,3,1,2020-11-27 10:45:55.181855
192,5199,3,1,2020-11-27 10:45:55.186418
193,5199,3,1,2020-11-27 10:45:55.190835
194,5199,3,1,2020-11-27 10:45:55.196275
195,5199,3,1,2020-11-27 10:45:55.201017
196,5199,3,1,2020-11-27 10:45:55.206426
197,5199,3,1,2020-11-27 10:45:55.211712
198,5199,3,0,2020-11-27 10:45:55.216187
199,5199,3,1,2020-11-27 10:45:55.222675
200,5199,3,1,2020-11-27 10:45:55.228049
201,5199,3,1,2020-11-27 10:45:55.232484
202,5199,3,1,2020-11-27 10:45:55.238058
203,5198,1,1,2020-11-27 10:45:55.240589
204,5199,3,1,2020-11-27 10:45:55.245003
205,5198,1,1,2020-11-27 10:45:55.247292
206,5199,3,1,2020-11-27 10:45:55.252826
207,5197,1,1,2020-11-27 10:45:55.255417
208,5199,3,1,2020-11-27 10:45:55.259791
209,5199,3,0,2020-11-27 10:45:55.264063
210,5199,3,1,2020-11-27 10:45:55.269902
211,5199,3,1,2020-11-27 10:45:55.274344
212,5199,3,1,2020-11-27 10:45:55.278747
213,5199,3,1,2020-11-27 10:45:55.283743
214,5199,3,1,2020-11-27 10:45:55.289081
215,5199,3,1,2020-11-27 10:45:55.293343
216,5199,3,1,2020-11-27 10:45:55.297704
217,5199,3,1,2020-11-27 10:45:55.303164
218,5199,3,1,2020-11-27 10:45:55.307875
219,5199,3,1,2020-11-27 10:45:55.312144
220,5199,3,0,2020-11-27 10:45:55.316509
221,5199,3,1,2020-11-27 10:45:55.322254
222,5199,3,1,2020-11-27 10:45:55.326843
223,5199,3,1,2020-11-27 10:45:55.331334
224,5197,1,0,2020-11-27 10:45:55.333702
225,5199,3,1,2020-11-27 10:45:55.339238
226,5199,3,1,2020-11-27 10:45:55.343554
227,5199,3,1,2020-11-27 10:45:55.347732
228,5198,1,1,2020-11-27 10:45:55.350173
229,5199,3,1,2020-11-27 10:45:55.354737
230,5198,1,1,2020-11-27 10:45:55.357138
231,5199,3,1,2020-11-27 10:45:55.361423
232,5199,3,1,2020-11-27 10:45:55.365542
233,5199,3,1,2020-11-27 10:45:55.369730
234,5199,3,0,2020-11-27 10:45:55.374241
235,5198,1,1,2020-11-27 10:45:55.376426
236,5199,1,1,2020-11-27 10:45:55.378621
237,5199,3,1,2020-11-27 10:45:55.382775
238,5199,3,1,2020-11-27 10:45:55.386889
239,5198,3,1,2020-11-27 10:45:55.391087
240,5199,3,1,2020-11-27 10:45:55.395227
241,5199,3,1,2020-11-27 10:45:55.399363
242,5199,3,1,2020-11-27 10:45:55.403530
243,5199,3,1,2020-11-27 10:45:55.407751
244,5199,3,1,2020-11-27 10:45:55.412229
245,5199,3,1,2020-11-27 10:45:55.416777
246,5199,3,1,2020-11-27 10:45:55.421058
247,5199,3,0,2020-11-27 10:45:55.425742
248,5199,3,1,2020-11-27 10:45:55.429989
249,5197,1,1,2020-11-27 10:45:55.432511
250,5199,3,1,2020-11-27 10:45:55.437277
251,5199,3,1,2020-11-27 10:45:55.441702
252,5199,3,1,2020-11-27 10:45:55.446035
253,5197,1,1,2020-11-27 10:45:55.448313
254,5199,1,1,2020-11-27 10:45:55.450427
255,5199,3,1,2020-11-27 10:45:55.454918
256,5199,3,1,2020-11-27 10:45:55.459716
257,5199,3,0,2020-11-27 10:45:55.464437
258,5199,3,1,2020-11-27 10:45:55.469212
259,5199,3,1,2020-11-27 10:45:55.473978
260,5199,1,1,2020-11-27 10:45:55.476517
261,5199,3,0,2020-11-27 10:45:55.481185
262,5199,3,1,2020-11-27 10:45:55.485846
263,5197,1,0,2020-11-27 10:45:55.488294
264,5199,3,1,2020-11-27 10:45:55.493173
265,5199,3,1,2020-11-27 10:45:55.498496
266,5199,3,1,2020-11-27 10:45:55.504812
267,5199,3,1,2020-11-27 10:45:55.510368
268,5199,3,1,2020-11-27 10:45:55.515899
269,5199,3,1,2020-11-27 10:45:55.520892
270,5199,3,1,2020-11-27 10:45:55.525935
271,5199,1,1,2020-11-27 10:45:55.528848
272,5199,3,1,2020-11-27 10:45:55.534027
273,5197,1,1,2020-11-27 10:45:55.536690
274,5199,3,1,2020-11-27 10:45:55.541568
275,5199,3,1,2020-11-27 10:45:55.546647
276,5199,3,0,2020-11-27 10:45:55.551712
277,5199,3,1,2020-11-27 10:45:55.556838
278,5199,3,1,2020-11-27 10:45:55.562061
279,5199,3,0,2020-11-27 10:45:55.567563
280,5199,3,1,2020-11-27 10:45:55.573013
281,5199,3,1,2020-11-27 10:45:55.578299
282,5199,3,0,2020-11-27 10:45:55.583236
283,5199,3,0,2020-11-27 10:45:55.588406
284,5197,1,0,2020-11-27 10:45:55.591228
285,5199,3,0,2020-11-27 10:45:55.596220
286,5198,1,1,2020-11-27 10:45:55.598795
287,5197,1,0,2020-11-27 10:45:55.601442
288,5199,3,1,2020-11-27 10:45:55.606434
289,5199,1,1,2020-11-27 10:45:55.609036
290,5199,3,1,2020-11-27 10:45:55.614285
291,5199,3,1,2020-11-27 10:45:55.619461
292,5199,3,1,2020-11-27 10:45:55.624701
293,5199,3,1,2020-11-27 10:45:55.629764
294,5199,3,0,2020-11-27 10:45:55.634563
295,5199,3,1,2020-11-27 10:45:55.639574
296,5198,1,0,2020-11-27 10:45:55.642038
297,5199,1,1,2020-11-27 10:45:55.644619
298,5199,3,1,2020-11-27 10:45:55.649367
299,5199,3,1,2020-11-27 10:45:55.654309
300,5198,1,1,2020-11-27 10:45:55.656848
301,5199,3,0,2020-11-27 10:45:55.662159
302,5199,3,1,2020-11-27 10:45:55.667786
303,5199,3,1,2020-11-27 10:45:55.673661
304,5199,3,1,2020-11-27 10:45:55.678532
305,5199,3,0,2020-11-27 10:45:55.683629
306,5198,3,1,2020-11-27 10:45:55.688757
307,5199,3,1,2020-11-27 10:45:55.693782
308,5198,1,1,2020-11-27 10:45:55.696417
309,5199,3,0,2020-11-27 10:45:55.701543
310,5198,1,1,2020-11-27 10:45:55.703988
311,5199,3,1,2020-11-27 10:45:55.709111
312,5199,3,1,2020-11-27 10:45:55.713713
313,5199,3,1,2020-11-27 10:45:55.718266
314,5199,3,1,2020-11-27 10:45:55.722816
315,5197,1,0,2020-11-27 10:45:55.725339
316,5197,1,1,2020-11-27 10:45:55.727583
317,5199,3,1,2020-11-27 10:45:55.732107
318,5199,3,1,2020-11-27 10:45:55.736726
319,5199,3,1,2020-11-27 10:45:55.741148
320,5199,3,1,2020-11-27 10:45:55.745695
321,5199,3,1,2020-11-27 10:45:55.750162
322,5199,3,1,2020-11-27 10:45:55.754659
323,5199,3,1,2020-11-27 10:45:55.759069
324,5199,3,0,2020-11-27 10:45:55.763634
325,5199,3,1,2020-11-27 10:45:55.767845
326,5199,1,1,2020-11-27 10:45:55.770152
327,5199,3,1,2020-11-27 10:45:55.776003
328,5199,3,1,2020-11-27 10:45:55.781918
329,5199,3,1,2020-11-27 10:45:55.786875
330,5199,3,1,2020-11-27 10:45:55.791322
331,5199,3,0,2020-11-27 10:45:55.796031
332,5199,3,1,2020-11-27 10:45:55.800467
333,5199,3,1,2020-11-27 10:45:55.805015
334,5199,1,1,2020-11-27 10:45:55.807358
335,5199,3,1,2020-11-27 10:45:55.811686
336,5199,1,1,2020-11-27 10:45:55.814022
337,5199,3,1,2020-11-27 10:45:55.818295
338,5198,1,1,2020-11-27 10:45:55.820578
339,5199,3,1,2020-11-27 10:45:55.824820
340,5199,3,1,2020-11-27 10:45:55.829119
341,5199,3,1,2020-11-27 10:45:55.833410
342,5197,1,0,2020-11-27 10:45:55.835663
343,5199,3,1,2020-11-27 10:45:55.839874
344,5199,3,1,2020-11-27 10:45:55.844349
345,5199,3,1,2020-11-27 10:45:55.848796
346,5199,3,1,2020-11-27 10:45:55.853566
347,5199,1,1,2020-11-27 10:45:55.855829
348,5199,3,1,2020-11-27 10:45:55.860205
349,5199,1,1,2020-11-27 10:45:55.862463
350,5199,3,1,2020-11-27 10:45:55.866727
351,5199,3,1,2020-11-27 10:45:55.870947
352,5199,3,1,2020-11-27 10:45:55.875122
353,5198,1,0,2020-11-27 10:45:55.877276
354,5197,1,1,2020-11-27 10:45:55.879462
355,5199,3,0,2020-11-27 10:45:55.883631
356,5199,1,1,2020-11-27 10:45:55.885832
357,5199,1,1,2020-11-27 10:45:55.887925
358,5199,3,0,2020-11-27 10:45:55.892132
359,5199,3,1,2020-11-27 10:45:55.896343
360,5199,3,1,2020-11-27 10:45:55.900857
361,5199,3,1,2020-11-27 10:45:55.905480
362,5199,3,1,2020-11-27 10:45:55.910047
363,5199,3,1,2020-11-27 10:45:55.914509
364,5199,3,1,2020-11-27 10:45:55.919151
365,5197,1,0,2020-11-27 10:45:55.921519
366,5197,1,1,2020-11-27 10:45:55.923725
367,5198,3,1,2020-11-27 10:45:55.928091
368,5199,3,1,2020-11-27 10:45:55.932454
369,5198,3,1,2020-11-27 10:45:55.936716
370,5199,3,1,2020-11-27 10:45:55.940862
371,5199,3,1,2020-11-27 10:45:55.945043
372,5199,3,1,2020-11-27 10:45:55.949235
373,5199,3,0,2020-11-27 10:45:55.953436
374,5199,3,1,2020-11-27 10:45:55.957768
375,5199,3,1,2020-11-27 10:45:55.962080
376,5199,3,1,2020-11-27 10:45:55.966535
377,5199,3,1,2020-11-27 10:45:55.971156
378,5199,3,1,2020-11-27 10:45:55.975907
379,5199,3,1,2020-11-27 10:45:55.980130
380,5199,3,1,2020-11-27 10:45:55.984542
381,5199,3,1,2020-11-27 10:45:55.988883
382,5198,3,1,2020-11-27 10:45:55.993516
383,5199,3,1,2020-11-27 10:45:55.998060
384,5199,3,0,2020-11-27 10:45:56.003119
385,5199,3,1,2020-11-27 10:45:56.007883
386,5199,3,1,2020-11-27 10:45:56.013555
387,5199,3,1,2020-11-27 10:45:56.018033
388,5199,3,1,2020-11-27 10:45:56.022680
389,5199,3,1,2020-11-27 10:45:56.027043
390,5197,1,0,2020-11-27 10:45:56.029612
391,5199,3,1,2020-11-27 10:45:56.033881
392,5199,3,1,2020-11-27 10:45:56.038045
393,5199,3,1,2020-11-27 10:45:56.042333
394,5199,3,0,2020-11-27 10:45:56.047028
395,5199,3,1,2020-11-27 10:45:56.051473
396,5198,3,0,2020-11-27 10:45:56.055953
397,5199,3,1,2020-11-27 10:45:56.060384
398,5199,3,1,2020-11-27 10:45:56.064817
399,5199,3,1,2020-11-27 10:45:56.069950
400,5199,3,1,2020-11-27 10:45:56.074593
401,5197,1,0,2020-11-27 10:45:56.076956
402,5199,3,1,2020-11-27 10:45:56.081275
403,5199,3,1,2020-11-27 10:45:56.085446
404,5199,3,1,2020-11-27 10:45:56.089686
405,5198,1,1,2020-11-27 10:45:56.091942
406,5199,3,1,2020-11-27 10:45:56.096386
407,5199,3,1,2020-11-27 10:45:56.100615
408,5199,3,1,2020-11-27 10:45:56.104817
409,5199,1,1,2020-11-27 10:45:56.107010
410,5199,3,1,2020-11-27 10:45:56.111450
411,5197,1,0,2020-11-27 10:45:56.113853
412,5199,3,1,2020-11-27 10:45:56.118297
413,5199,3,1,2020-11-27 10:45:56.123613
414,5199,3,1,2020-11-27 10:45:56.128182
415,5199,3,1,2020-11-27 10:45:56.132707
416,5199,3,0,2020-11-27 10:45:56.137113
417,5199,3,1,2020-11-27 10:45:56.141829
418,5199,3,1,2020-11-27 10:45:56.146327
419,5198,1,1,2020-11-27 10:45:56.148635
420,5199,3,1,2020-11-27 10:45:56.153043
421,5199,3,1,2020-11-27 10:45:56.157303
422,5199,3,1,2020-11-27 10:45:56.161635
423,5199,3,1,2020-11-27 10:45:56.166318
424,5199,3,1,2020-11-27 10:45:56.170753
425,5199,3,1,2020-11-27 10:45:56.175260
426,5199,3,1,2020-11-27 10:45:56.179685
427,5199,1,1,2020-11-27 10:45:56.182156
428,5199,3,1,2020-11-27 10:45:56.186531
429,5199,3,0,2020-11-27 10:45:56.190958
430,5199,3,1,2020-11-27 10:45:56.195339
431,5199,3,0,2020-11-27 10:45:56.199804
432,5199,3,1,2020-11-27 10:45:56.204419
433,5199,1,1,2020-11-27 10:45:56.206629
434,5199,3,1,2020-11-27 10:45:56.210966
435,5199,3,1,2020-11-27 10:45:56.215152
436,5199,3,1,2020-11-27 10:45:56.219434
437,5197,1,0,2020-11-27 10:45:56.221696
438,5197,1,1,2020-11-27 10:45:56.223896
439,5199,3,1,2020-11-27 10:45:56.228381
440,5199,3,1,2020-11-27 10:45:56.232722
441,5197,1,0,2020-11-27 10:45:56.234925
442,5198,3,1,2020-11-27 10:45:56.239232
443,5199,1,1,2020-11-27 10:45:56.241488
444,5198,1,1,2020-11-27 10:45:56.244753
445,5199,3,1,2020-11-27 10:45:56.249210
446,5199,3,1,2020-11-27 10:45:56.253691
447,5199,3,1,2020-11-27 10:45:56.258402
448,5199,3,1,2020-11-27 10:45:56.262928
449,5199,3,1,2020-11-27 10:45:56.267356
450,5199,3,1,2020-11-27 10:45:56.271927
451,5199,3,0,2020-11-27 10:45:56.276258
452,5199,3,1,2020-11-27 10:45:56.280514
453,5199,3,1,2020-11-27 10:45:56.284944
454,5198,1,1,2020-11-27 10:45:56.287236
455,5199,3,0,2020-11-27 10:45:56.291737
456,5198,1,0,2020-11-27 10:45:56.293964
457,5198,1,1,2020-11-27 10:45:56.296270
458,5199,3,1,2020-11-27 10:45:56.300563
459,5199,3,1,2020-11-27 10:45:56.305185
460,5199,3,1,2020-11-27 10:45:56.310370
461,5199,3,1,2020-11-27 10:45:56.314786
462,5199,3,1,2020-11-27 10:45:56.319568
463,5199,3,1,2020-11-27 10:45:56.324761
464,5197,1,0,2020-11-27 10:45:56.328717
465,5199,3,1,2020-11-27 10:45:56.334315
466,5198,1,1,2020-11-27 10:45:56.337106
467,5199,3,1,2020-11-27 10:45:56.342554
468,5199,3,0,2020-11-27 10:45:56.348702
469,5199,3,1,2020-11-27 10:45:56.353690
470,5199,3,0,2020-11-27 10:45:56.358361
471,5199,3,1,2020-11-27 10:45:56.365518
472,5199,3,1,2020-11-27 10:45:56.370781
473,5199,3,1,2020-11-27 10:45:56.375846
474,5199,3,1,2020-11-27 10:45:56.381286
475,5199,3,1,2020-11-27 10:45:56.386402
476,5198,1,1,2020-11-27 10:45:56.389165
477,5199,3,0,2020-11-27 10:45:56.394197
478,5199,3,1,2020-11-27 10:45:56.398991
479,5198,3,1,2020-11-27 10:45:56.403668
480,5199,3,1,2020-11-27 10:45:56.409685
481,5199,3,1,2020-11-27 10:45:56.415606
482,5199,3,1,2020-11-27 10:45:56.419678
483,5199,1,1,2020-11-27 10:45:56.421687
484,5199,3,1,2020-11-27 10:45:56.425955
485,5199,3,1,2020-11-27 10:45:56.430248
486,5199,1,1,2020-11-27 10:45:56.432288
487,5199,1,1,2020-11-27 10:45:56.434439
488,5199,3,1,2020-11-27 10:45:56.438609
489,5199,3,1,2020-11-27 10:45:56.442508
490,5199,3,1,2020-11-27 10:45:56.447251
491,5199,3,1,2020-11-27 10:45:56.451541
492,5199,3,1,2020-11-27 10:45:56.455538
493,5199,3,1,2020-11-27 10:45:56.459542
494,5199,3,1,2020-11-27 10:45:56.463430
495,5197,1,1,2020-11-27 10:45:56.465604
496,5199,3,1,2020-11-27 10:45:56.469927
497,5199,3,1,2020-11-27 10:45:56.474305
498,5199,3,1,2020-11-27 10:45:56.478816
499,5199,3,0,2020-11-27 10:45:56.483214
500,5199,3,1,2020-11-27 10:45:56.487565
501,5199,3,1,2020-11-27 10:45:56.491811
502,5199,3,1,2020-11-27 10:45:56.495983
503,5199,3,1,2020-11-27 10:45:56.500184
504,5199,3,1,2020-11-27 10:45:56.504941
505,5199,3,1,2020-11-27 10:45:56.509256
506,5199,3,1,2020-11-27 10:45:56.513598
507,5199,3,1,2020-11-27 10:45:56.517757
508,5199,3,1,2020-11-27 10:45:56.522075
509,5199,1,0,2020-11-27 10:45:56.524313
510,5199,3,0,2020-11-27 10:45:56.528466
511,5199,3,1,2020-11-27 10:45:56.532711
512,5199,3,1,2020-11-27 10:45:56.537052
513,5199,3,1,2020-11-27 10:45:56.541296
514,5199,3,1,2020-11-27 10:45:56.545485
515,5199,3,0,2020-11-27 10:45:56.549828
516,5198,1,0,2020-11-27 10:45:56.552205
517,5199,3,1,2020-11-27 10:45:56.556726
518,5199,3,1,2020-11-27 10:45:56.561300
519,5199,3,1,2020-11-27 10:45:56.565851
520,5199,3,1,2020-11-27 10:45:56.570215
521,5199,3,1,2020-11-27 10:45:56.574529
522,5199,3,0,2020-11-27 10:45:56.579210
523,5199,3,1,2020-11-27 10:45:56.584083
524,5199,3,1,2020-11-27 10:45:56.589048
525,5199,3,1,2020-11-27 10:45:56.594082
526,5199,3,0,2020-11-27 10:45:56.598888
527,5199,3,1,2020-11-27 10:45:56.603707
528,5199,3,1,2020-11-27 10:45:56.608350
529,5199,3,0,2020-11-27 10:45:56.613201
530,5199,3,1,2020-11-27 10:45:56.617999
531,5199,3,1,2020-11-27 10:45:56.623586
532,5199,3,1,2020-11-27 10:45:56.628968
533,5199,3,1,2020-11-27 10:45:56.634589
534,5199,3,0,2020-11-27 10:45:56.640042
535,5198,1,0,2020-11-27 10:45:56.642982
536,5198,1,1,2020-11-27 10:45:56.645410
537,5198,1,1,2020-11-27 10:45:56.647896
538,5199,3,0,2020-11-27 10:45:56.652910
539,5197,1,1,2020-11-27 10:45:56.655689
540,5199,3,1,2020-11-27 10:45:56.660805
541,5199,3,1,2020-11-27 10:45:56.665738
542,5197,1,1,2020-11-27 10:45:56.668422
543,5199,3,1,2020-11-27 10:45:56.673445
544,5199,3,1,2020-11-27 10:45:56.678630
545,5199,3,1,2020-11-27 10:45:56.683608
546,5199,1,1,2020-11-27 10:45:56.686166
547,5199,3,1,2020-11-27 10:45:56.691431
548,5199,3,1,2020-11-27 10:45:56.696864
549,5199,3,1,2020-11-27 10:45:56.702340
550,5199,1,1,2020-11-27 10:45:56.705138
551,5199,3,1,2020-11-27 10:45:56.709926
552,5199,1,0,2020-11-27 10:45:56.712507
553,5199,3,1,2020-11-27 10:45:56.717456
554,5199,3,1,2020-11-27 10:45:56.722642
555,5199,3,1,2020-11-27 10:45:56.727776
556,5199,3,1,2020-11-27 10:45:56.733089
557,5199,3,1,2020-11-27 10:45:56.738236
558,5199,3,1,2020-11-27 10:45:56.743537
559,5198,1,0,2020-11-27 10:45:56.746004
560,5198,3,1,2020-11-27 10:45:56.750991
561,5199,3,1,2020-11-27 10:45:56.755761
562,5197,1,1,2020-11-27 10:45:56.758319
563,5199,3,1,2020-11-27 10:45:56.763080
564,5198,3,1,2020-11-27 10:45:56.767992
565,5199,3,1,2020-11-27 10:45:56.772868
566,5199,3,1,2020-11-27 10:45:56.777697
567,5199,3,1,2020-11-27 10:45:56.782430
568,5198,1,1,2020-11-27 10:45:56.785284
569,5199,3,1,2020-11-27 10:45:56.790995
570,5199,3,1,2020-11-27 10:45:56.795942
571,5199,3,1,2020-11-27 10:45:56.800650
572,5198,3,1,2020-11-27 10:45:56.805330
573,5199,3,1,2020-11-27 10:45:56.810224
574,5199,3,1,2020-11-27 10:45:56.815386
575,5198,1,1,2020-11-27 10:45:56.818412
576,5199,3,1,2020-11-27 10:45:56.823878
577,5199,3,1,2020-11-27 10:45:56.829289
578,5199,3,1,2020-11-27 10:45:56.834343
579,5198,3,1,2020-11-27 10:45:56.839537
580,5199,3,1,2020-11-27 10:45:56.844881
581,5199,3,1,2020-11-27 10:45:56.849969
582,5197,1,1,2020-11-27 10:45:56.852533
583,5199,3,1,2020-11-27 10:45:56.857832
584,5199,3,1,2020-11-27 10:45:56.862618
585,5197,1,1,2020-11-27 10:45:56.865096
586,5199,3,1,2020-11-27 10:45:56.869776
587,5199,3,1,2020-11-27 10:45:56.874439
588,5199,3,1,2020-11-27 10:45:56.878993
589,5199,3,1,2020-11-27 10:45:56.883642
590,5199,3,1,2020-11-27 10:45:56.888234
591,5199,3,1,2020-11-27 10:45:56.892785
592,5198,1,1,2020-11-27 10:45:56.895124
593,5199,1,1,2020-11-27 10:45:56.897440
594,5199,3,1,2020-11-27 10:45:56.901919
595,5199,3,1,2020-11-27 10:45:56.906470
596,5199,3,1,2020-11-27 10:45:56.911084
597,5197,1,1,2020-11-27 10:45:56.913463
598,5199,3,1,2020-11-27 10:45:56.917939
599,5199,3,1,2020-11-27 10:45:56.922589
600,5199,3,1,2020-11-27 10:45:56.927021
601,5199,3,0,2020-11-27 10:45:56.931473
602,5199,3,0,2020-11-27 10:45:56.935823
603,5199,3,1,2020-11-27 10:45:56.940123
604,5199,3,1,2020-11-27 10:45:56.944367
605,5199,3,1,2020-11-27 10:45:56.948989
606,5199,3,1,2020-11-27 10:45:56.953465
607,5199,3,1,2020-11-27 10:45:56.957902
608,5199,3,1,2020-11-27 10:45:56.962212
609,5199,3,1,2020-11-27 10:45:56.966709
610,5197,1,0,2020-11-27 10:45:56.969026
611,5199,3,1,2020-11-27 10:45:56.973300
612,5199,3,1,2020-11-27 10:45:56.977657
613,5199,3,1,2020-11-27 10:45:56.981998
614,5199,3,1,2020-11-27 10:45:56.986429
615,5199,3,1,2020-11-27 10:45:56.990945
616,5199,3,1,2020-11-27 10:45:56.995408
617,5199,3,1,2020-11-27 10:45:56.999987
618,5199,3,0,2020-11-27 10:45:57.004968
619,5199,3,1,2020-11-27 10:45:57.009351
620,5199,3,0,2020-11-27 10:45:57.014768
621,5199,3,1,2020-11-27 10:45:57.019476
622,5199,3,1,2020-11-27 10:45:57.023933
623,5199,3,1,2020-11-27 10:45:57.028220
624,5199,3,1,2020-11-27 10:45:57.032927
625,5199,3,1,2020-11-27 10:45:57.037499
626,5199,3,1,2020-11-27 10:45:57.042268
627,5198,3,1,2020-11-27 10:45:57.046987
628,5199,3,1,2020-11-27 10:45:57.052109
629,5198,1,0,2020-11-27 10:45:57.054620
630,5197,1,0,2020-11-27 10:45:57.057183
631,5199,1,1,2020-11-27 10:45:57.060169
632,5199,3,1,2020-11-27 10:45:57.065217
633,5198,1,1,2020-11-27 10:45:57.068105
634,5199,3,1,2020-11-27 10:45:57.073564
635,5199,3,1,2020-11-27 10:45:57.078785
636,5199,3,1,2020-11-27 10:45:57.084202
637,5199,3,1,2020-11-27 10:45:57.089315
638,5199,3,1,2020-11-27 10:45:57.094176
639,5199,3,1,2020-11-27 10:45:57.099371
640,5199,3,1,2020-11-27 10:45:57.103801
641,5199,1,1,2020-11-27 10:45:57.106072
642,5199,3,1,2020-11-27 10:45:57.110963
643,5199,3,1,2020-11-27 10:45:57.115830
644,5199,3,1,2020-11-27 10:45:57.121103
645,5199,3,1,2020-11-27 10:45:57.125963
646,5199,3,1,2020-11-27 10:45:57.130476
647,5197,1,1,2020-11-27 10:45:57.133072
648,5199,3,1,2020-11-27 10:45:57.137680
649,5199,3,1,2020-11-27 10:45:57.142624
650,5199,3,1,2020-11-27 10:45:57.147348
651,5199,1,1,2020-11-27 10:45:57.149883
652,5198,1,1,2020-11-27 10:45:57.152249
653,5199,3,1,2020-11-27 10:45:57.157343
654,5199,3,1,2020-11-27 10:45:57.163203
655,5199,1,1,2020-11-27 10:45:57.165603
656,5199,3,1,2020-11-27 10:45:57.169966
657,5199,3,1,2020-11-27 10:45:57.174892
658,5199,3,1,2020-11-27 10:45:57.179563
659,5199,3,1,2020-11-27 10:45:57.184063
660,5198,1,1,2020-11-27 10:45:57.186349
661,5197,1,0,2020-11-27 10:45:57.189009
662,5199,3,1,2020-11-27 10:45:57.193468
663,5198,3,1,2020-11-27 10:45:57.198059
664,5199,3,0,2020-11-27 10:45:57.202517
665,5199,3,1,2020-11-27 10:45:57.207407
666,5199,3,1,2020-11-27 10:45:57.212444
667,5199,3,1,2020-11-27 10:45:57.216949
668,5198,1,0,2020-11-27 10:45:57.219450
669,5199,1,1,2020-11-27 10:45:57.221815
670,5199,1,1,2020-11-27 10:45:57.224137
671,5199,3,1,2020-11-27 10:45:57.229481
672,5199,3,1,2020-11-27 10:45:57.234047
673,5199,3,1,2020-11-27 10:45:57.239595
674,5199,3,1,2020-11-27 10:45:57.244509
675,5197,1,0,2020-11-27 10:45:57.247547
676,5199,3,1,2020-11-27 10:45:57.252424
677,5199,3,1,2020-11-27 10:45:57.257439
678,5199,1,1,2020-11-27 10:45:57.260072
679,5199,3,1,2020-11-27 10:45:57.265101
680,5199,3,1,2020-11-27 10:45:57.270987
681,5199,3,1,2020-11-27 10:45:57.275546
682,5199,3,1,2020-11-27 10:45:57.280632
683,5199,3,1,2020-11-27 10:45:57.286058
684,5199,3,1,2020-11-27 10:45:57.290552
685,5197,1,0,2020-11-27 10:45:57.293688
686,5199,3,1,2020-11-27 10:45:57.298303
687,5199,3,1,2020-11-27 10:45:57.303895
688,5199,3,1,2020-11-27 10:45:57.309599
689,5199,3,1,2020-11-27 10:45:57.314399
690,5199,3,1,2020-11-27 10:45:57.320107
691,5199,3,1,2020-11-27 10:45:57.325862
692,5199,3,1,2020-11-27 10:45:57.330685
693,5199,3,1,2020-11-27 10:45:57.336191
694,5199,3,1,2020-11-27 10:45:57.341445
695,5199,3,1,2020-11-27 10:45:57.346074
696,5198,3,1,2020-11-27 10:45:57.351831
697,5199,3,1,2020-11-27 10:45:57.357046
698,5198,1,1,2020-11-27 10:45:57.359797
699,5199,3,1,2020-11-27 10:45:57.364846
700,5199,3,1,2020-11-27 10:45:57.369708
701,5199,3,1,2020-11-27 10:45:57.375273
702,5199,3,1,2020-11-27 10:45:57.379890
703,5199,3,1,2020-11-27 10:45:57.385190
704,5199,3,1,2020-11-27 10:45:57.390608
705,5198,3,1,2020-11-27 10:45:57.395241
706,5199,3,1,2020-11-27 10:45:57.400512
707,5197,1,1,2020-11-27 10:45:57.402761
708,5199,3,1,2020-11-27 10:45:57.408229
709,5198,3,1,2020-11-27 10:45:57.413666
710,5198,3,1,2020-11-27 10:45:57.418500
711,5199,3,1,2020-11-27 10:45:57.423969
712,5199,3,1,2020-11-27 10:45:57.428886
713,5199,3,1,2020-11-27 10:45:57.433989
714,5199,3,1,2020-11-27 10:45:57.438930
715,5197,1,1,2020-11-27 10:45:57.441209
716,5199,3,1,2020-11-27 10:45:57.446452
717,5199,3,0,2020-11-27 10:45:57.450922
718,5199,3,1,2020-11-27 10:45:57.455681
719,5199,3,1,2020-11-27 10:45:57.460424
720,5199,3,0,2020-11-27 10:45:57.464893
721,5197,1,0,2020-11-27 10:45:57.467064
722,5198,1,1,2020-11-27 10:45:57.469656
723,5199,3,1,2020-11-27 10:45:57.474065
724,5198,1,1,2020-11-27 10:45:57.476679
725,5199,3,1,2020-11-27 10:45:57.481270
726,5199,3,1,2020-11-27 10:45:57.485983
727,5197,1,0,2020-11-27 10:45:57.488224
728,5199,3,1,2020-11-27 10:45:57.492795
729,5199,3,1,2020-11-27 10:45:57.497207
730,5199,3,1,2020-11-27 10:45:57.502052
731,5198,1,0,2020-11-27 10:45:57.504738
732,5199,3,1,2020-11-27 10:45:57.509105
733,5199,3,1,2020-11-27 10:45:57.513571
734,5199,3,1,2020-11-27 10:45:57.517918
735,5199,1,1,2020-11-27 10:45:57.520093
736,5199,3,1,2020-11-27 10:45:57.524813
737,5197,1,0,2020-11-27 10:45:57.527268
738,5199,3,1,2020-11-27 10:45:57.531660
739,5197,1,0,2020-11-27 10:45:57.533904
740,5199,3,1,2020-11-27 10:45:57.538393
741,5199,3,1,2020-11-27 10:45:57.543062
742,5199,3,1,2020-11-27 10:45:57.547448
743,5199,3,1,2020-11-27 10:45:57.551865
744,5197,1,0,2020-11-27 10:45:57.554123
745,5198,1,0,2020-11-27 10:45:57.556289
746,5199,3,1,2020-11-27 10:45:57.560566
747,5198,3,1,2020-11-27 10:45:57.564938
748,5199,3,1,2020-11-27 10:45:57.569290
749,5199,3,1,2020-11-27 10:45:57.573635
750,5199,3,1,2020-11-27 10:45:57.577925
751,5199,3,1,2020-11-27 10:45:57.582195
752,5197,1,1,2020-11-27 10:45:57.584347
753,5199,3,1,2020-11-27 10:45:57.588592
754,5199,3,1,2020-11-27 10:45:57.592887
755,5199,1,1,2020-11-27 10:45:57.595036
756,5199,3,1,2020-11-27 10:45:57.599351
757,5197,1,0,2020-11-27 10:45:57.601596
758,5199,3,1,2020-11-27 10:45:57.606017
759,5199,3,1,2020-11-27 10:45:57.610444
760,5199,3,1,2020-11-27 10:45:57.614775
761,5199,1,1,2020-11-27 10:45:57.616954
762,5197,1,1,2020-11-27 10:45:57.619915
763,5198,3,1,2020-11-27 10:45:57.624313
764,5199,3,1,2020-11-27 10:45:57.628760
765,5199,3,0,2020-11-27 10:45:57.633117
766,5199,3,0,2020-11-27 10:45:57.637359
767,5199,3,1,2020-11-27 10:45:57.641866
768,5199,3,1,2020-11-27 10:45:57.646619
769,5199,3,1,2020-11-27 10:45:57.651222
770,5199,3,1,2020-11-27 10:45:57.656009
771,5197,1,0,2020-11-27 10:45:57.658268
772,5198,3,1,2020-11-27 10:45:57.662689
773,5199,3,0,2020-11-27 10:45:57.667219
774,5199,3,1,2020-11-27 10:45:57.672108
775,5199,3,1,2020-11-27 10:45:57.676671
776,5199,3,1,2020-11-27 10:45:57.681274
777,5199,3,1,2020-11-27 10:45:57.685704
778,5199,3,0,2020-11-27 10:45:57.690166
779,5199,3,1,2020-11-27 10:45:57.694609
780,5197,1,1,2020-11-27 10:45:57.696977
781,5199,1,1,2020-11-27 10:45:57.699689
782,5199,3,1,2020-11-27 10:45:57.705806
783,5199,3,0,2020-11-27 10:45:57.710414
784,5199,3,1,2020-11-27 10:45:57.715034
785,5198,3,1,2020-11-27 10:45:57.722558
786,5199,3,1,2020-11-27 10:45:57.727222
787,5199,3,1,2020-11-27 10:45:57.731891
788,5199,3,1,2020-11-27 10:45:57.737571
789,5199,3,1,2020-11-27 10:45:57.742124
790,5199,3,1,2020-11-27 10:45:57.746611
791,5199,3,1,2020-11-27 10:45:57.752075
792,5199,3,1,2020-11-27 10:45:57.756981
793,5199,3,1,2020-11-27 10:45:57.761395
794,5199,3,0,2020-11-27 10:45:57.765796
795,5199,3,1,2020-11-27 10:45:57.771941
796,5199,3,1,2020-11-27 10:45:57.776392
797,5199,3,1,2020-11-27 10:45:57.780804
798,5198,3,1,2020-11-27 10:45:57.786272
799,5199,3,1,2020-11-27 10:45:57.791173
800,5199,3,1,2020-11-27 10:45:57.796091
801,5199,3,1,2020-11-27 10:45:57.802001
802,5199,3,1,2020-11-27 10:45:57.808014
803,5199,3,1,2020-11-27 10:45:57.813025
804,5199,1,1,2020-11-27 10:45:57.815611
805,5199,3,1,2020-11-27 10:45:57.821719
806,5199,3,1,2020-11-27 10:45:57.826609
807,5199,3,1,2020-11-27 10:45:57.831525
808,5199,3,1,2020-11-27 10:45:57.837745
809,5197,1,0,2020-11-27 10:45:57.840100
810,5199,3,1,2020-11-27 10:45:57.844734
811,5199,3,1,2020-11-27 10:45:57.849719
812,5198,1,1,2020-11-27 10:45:57.852578
813,5199,3,1,2020-11-27 10:45:57.858058
814,5199,3,0,2020-11-27 10:45:57.863785
815,5197,1,1,2020-11-27 10:45:57.866680
816,5197,1,0,2020-11-27 10:45:57.869594
817,5197,1,0,2020-11-27 10:45:57.872375
818,5199,3,1,2020-11-27 10:45:57.877378
819,5198,3,1,2020-11-27 10:45:57.882472
820,5199,3,1,2020-11-27 10:45:57.887939
821,5199,3,1,2020-11-27 10:45:57.893249
822,5199,3,1,2020-11-27 10:45:57.898332
823,5199,3,1,2020-11-27 10:45:57.903754
824,5199,3,1,2020-11-27 10:45:57.909193
825,5199,3,1,2020-11-27 10:45:57.914049
826,5199,3,1,2020-11-27 10:45:57.918929
827,5199,1,1,2020-11-27 10:45:57.921578
828,5199,3,1,2020-11-27 10:45:57.926626
829,5197,1,1,2020-11-27 10:45:57.929276
830,5199,3,1,2020-11-27 10:45:57.934630
831,5199,3,1,2020-11-27 10:45:57.940395
832,5199,3,0,2020-11-27 10:45:57.945941
833,5198,1,1,2020-11-27 10:45:57.948903
834,5197,1,1,2020-11-27 10:45:57.951513
835,5199,3,1,2020-11-27 10:45:57.956644
836,5199,3,1,2020-11-27 10:45:57.962230
837,5199,1,1,2020-11-27 10:45:57.964939
838,5199,3,1,2020-11-27 10:45:57.970153
839,5199,3,1,2020-11-27 10:45:57.975355
840,5199,3,1,2020-11-27 10:45:57.980811
841,5199,3,1,2020-11-27 10:45:57.985801
842,5198,3,1,2020-11-27 10:45:57.990684
843,5199,3,1,2020-11-27 10:45:57.995750
844,5198,1,1,2020-11-27 10:45:57.998348
845,5199,3,1,2020-11-27 10:45:58.003848
846,5198,3,1,2020-11-27 10:45:58.009951
847,5198,3,1,2020-11-27 10:45:58.015232
848,5198,3,0,2020-11-27 10:45:58.020113
849,5199,3,1,2020-11-27 10:45:58.025031
850,5199,3,1,2020-11-27 10:45:58.030013
851,5198,1,1,2020-11-27 10:45:58.032504
852,5198,3,1,2020-11-27 10:45:58.037279
853,5199,1,1,2020-11-27 10:45:58.039779
854,5199,3,1,2020-11-27 10:45:58.044766
855,5199,3,1,2020-11-27 10:45:58.049455
856,5197,1,0,2020-11-27 10:45:58.051793
857,5199,3,1,2020-11-27 10:45:58.056499
858,5199,3,1,2020-11-27 10:45:58.061170
859,5199,3,0,2020-11-27 10:45:58.066026
860,5199,3,1,2020-11-27 10:45:58.071198
861,5199,3,1,2020-11-27 10:45:58.076573
862,5199,3,0,2020-11-27 10:45:58.082359
863,5199,3,1,2020-11-27 10:45:58.087489
864,5199,3,1,2020-11-27 10:45:58.092479
865,5199,3,1,2020-11-27 10:45:58.098007
866,5198,1,0,2020-11-27 10:45:58.100553
867,5198,1,1,2020-11-27 10:45:58.103193
868,5199,3,1,2020-11-27 10:45:58.108367
869,5199,3,0,2020-11-27 10:45:58.113383
870,5199,3,1,2020-11-27 10:45:58.118452
871,5199,3,1,2020-11-27 10:45:58.124308
872,5199,3,1,2020-11-27 10:45:58.129275
873,5199,3,1,2020-11-27 10:45:58.134279
874,5199,1,1,2020-11-27 10:45:58.136723
875,5199,3,1,2020-11-27 10:45:58.141494
876,5199,3,1,2020-11-27 10:45:58.146283
877,5199,3,1,2020-11-27 10:45:58.151013
878,5199,3,1,2020-11-27 10:45:58.155722
879,5199,3,1,2020-11-27 10:45:58.160270
880,5199,1,1,2020-11-27 10:45:58.162635
881,5199,3,1,2020-11-27 10:45:58.167223
882,5199,3,1,2020-11-27 10:45:58.171822
883,5199,3,1,2020-11-27 10:45:58.176386
884,5199,3,1,2020-11-27 10:45:58.181068
885,5199,3,1,2020-11-27 10:45:58.185612
886,5199,3,1,2020-11-27 10:45:58.190163
887,5199,3,1,2020-11-27 10:45:58.194672
888,5197,1,0,2020-11-27 10:45:58.196920
889,5199,3,1,2020-11-27 10:45:58.201804
890,5197,1,1,2020-11-27 10:45:58.204292
891,5198,3,1,2020-11-27 10:45:58.209032
892,5197,1,0,2020-11-27 10:45:58.211539
893,5199,1,1,2020-11-27 10:45:58.214114
894,5199,3,1,2020-11-27 10:45:58.218937
895,5199,3,1,2020-11-27 10:45:58.224135
896,5198,3,1,2020-11-27 10:45:58.229012
897,5199,3,1,2020-11-27 10:45:58.233829
898,5199,3,1,2020-11-27 10:45:58.238724
899,5199,3,1,2020-11-27 10:45:58.243511
900,5199,3,0,2020-11-27 10:45:58.248223
901,5199,3,1,2020-11-27 10:45:58.252920
902,5199,3,1,2020-11-27 10:45:58.257870
903,5198,3,1,2020-11-27 10:45:58.263064
904,5199,3,1,2020-11-27 10:45:58.268495
905,5197,1,0,2020-11-27 10:45:58.271286
906,5198,3,1,2020-11-27 10:45:58.277035
907,5199,3,1,2020-11-27 10:45:58.283361
908,5199,1,1,2020-11-27 10:45:58.285986
909,5199,1,1,2020-11-27 10:45:58.288416
910,5199,1,0,2020-11-27 10:45:58.291044
911,5198,3,1,2020-11-27 10:45:58.296469
912,5199,3,1,2020-11-27 10:45:58.301790
913,5199,3,1,2020-11-27 10:45:58.306852
914,5199,3,1,2020-11-27 10:45:58.312399
915,5199,1,1,2020-11-27 10:45:58.315141
916,5199,3,1,2020-11-27 10:45:58.320015
917,5199,3,1,2020-11-27 10:45:58.324857
918,5197,1,0,2020-11-27 10:45:58.327573
919,5197,1,1,2020-11-27 10:45:58.330142
920,5199,3,1,2020-11-27 10:45:58.334984
921,5199,1,1,2020-11-27 10:45:58.337551
922,5197,1,0,2020-11-27 10:45:58.340097
923,5199,3,1,2020-11-27 10:45:58.344771
924,5199,3,1,2020-11-27 10:45:58.349411
925,5198,3,1,2020-11-27 10:45:58.354147
926,5197,1,1,2020-11-27 10:45:58.356540
927,5199,3,1,2020-11-27 10:45:58.361168
928,5199,3,1,2020-11-27 10:45:58.365851
929,5197,1,1,2020-11-27 10:45:58.368186
930,5199,3,1,2020-11-27 10:45:58.372813
931,5199,3,1,2020-11-27 10:45:58.377368
932,5199,3,1,2020-11-27 10:45:58.382079
933,5199,3,1,2020-11-27 10:45:58.386703
934,5199,3,1,2020-11-27 10:45:58.391224
935,5199,3,0,2020-11-27 10:45:58.395724
936,5197,1,1,2020-11-27 10:45:58.398089
937,5199,3,1,2020-11-27 10:45:58.402547
938,5199,3,1,2020-11-27 10:45:58.407203
939,5197,1,1,2020-11-27 10:45:58.409671
940,5199,3,1,2020-11-27 10:45:58.414502
941,5199,3,1,2020-11-27 10:45:58.419412
942,5199,3,1,2020-11-27 10:45:58.424237
943,5198,1,1,2020-11-27 10:45:58.426645
944,5199,3,1,2020-11-27 10:45:58.431465
945,5197,1,0,2020-11-27 10:45:58.434057
946,5199,3,1,2020-11-27 10:45:58.438820
947,5199,3,1,2020-11-27 10:45:58.443639
948,5199,3,1,2020-11-27 10:45:58.448226
949,5199,3,1,2020-11-27 10:45:58.452981
950,5199,3,1,2020-11-27 10:45:58.457638
951,5199,3,1,2020-11-27 10:45:58.462364
952,5199,3,1,2020-11-27 10:45:58.467423
953,5198,3,1,2020-11-27 10:45:58.472576
954,5197,1,0,2020-11-27 10:45:58.475140
955,5199,3,1,2020-11-27 10:45:58.480098
956,5199,3,1,2020-11-27 10:45:58.485156
957,5198,3,1,2020-11-27 10:45:58.490229
958,5199,3,1,2020-11-27 10:45:58.495326
959,5199,3,1,2020-11-27 10:45:58.500103
960,5197,1,0,2020-11-27 10:45:58.502669
961,5199,3,1,2020-11-27 10:45:58.507847
962,5199,3,1,2020-11-27 10:45:58.512759
963,5199,1,0,2020-11-27 10:45:58.515232
964,5198,3,1,2020-11-27 10:45:58.520428
965,5199,3,1,2020-11-27 10:45:58.525550
966,5199,3,1,2020-11-27 10:45:58.530414
967,5199,3,1,2020-11-27 10:45:58.535317
968,5199,3,1,2020-11-27 10:45:58.540227
969,5199,1,1,2020-11-27 10:45:58.542674
970,5197,1,1,2020-11-27 10:45:58.545166
971,5199,3,1,2020-11-27 10:45:58.549900
972,5199,3,1,2020-11-27 10:45:58.554574
973,5198,3,0,2020-11-27 10:45:58.559424
974,5199,1,1,2020-11-27 10:45:58.561897
975,5199,3,0,2020-11-27 10:45:58.566695
976,5199,3,1,2020-11-27 10:45:58.571512
977,5199,3,1,2020-11-27 10:45:58.576490
978,5199,3,0,2020-11-27 10:45:58.581360
979,5199,3,1,2020-11-27 10:45:58.586191
980,5199,3,0,2020-11-27 10:45:58.591151
981,5199,1,1,2020-11-27 10:45:58.593702
982,5199,3,1,2020-11-27 10:45:58.598454
983,5199,3,1,2020-11-27 10:45:58.603199
984,5199,3,1,2020-11-27 10:45:58.607929
985,5199,3,1,2020-11-27 10:45:58.612748
986,5198,3,1,2020-11-27 10:45:58.617469
987,5199,3,1,2020-11-27 10:45:58.623520
988,5198,3,1,2020-11-27 10:45:58.629088
989,5199,3,0,2020-11-27 10:45:58.634664
990,5197,1,1,2020-11-27 10:45:58.637534
991,5199,3,1,2020-11-27 10:45:58.643084
992,5198,1,1,2020-11-27 10:45:58.646096
993,5199,3,1,2020-11-27 10:45:58.650947
994,5199,3,1,2020-11-27 10:45:58.655908
995,5198,3,1,2020-11-27 10:45:58.661384
996,5199,3,1,2020-11-27 10:45:58.666745
997,5199,3,0,2020-11-27 10:45:58.671843
998,5199,1,0,2020-11-27 10:45:58.674622
999,5198,1,1,2020-11-27 10:45:58.677387
