,successes_5197,failures_5197,probability_5197,successes_5198,failures_5198,probability_5198,successes_5199,failures_5199,probability_5199
0,1.0,1.0,0.314,1.0,1.0,0.371,1.0,1.0,0.315
1,1.0,1.0,0.245,2.0,1.0,0.514,1.0,1.0,0.241
2,1.0,1.0,0.185,2.0,1.0,0.398,2.0,1.0,0.417
3,1.0,1.0,0.176,2.0,1.0,0.322,3.0,1.0,0.502
4,1.0,1.0,0.171,2.0,1.0,0.27,4.0,1.0,0.559
5,1.0,1.0,0.13,2.0,1.0,0.244,5.0,1.0,0.626
6,1.0,1.0,0.191,2.0,1.0,0.384,5.0,2.0,0.425
7,1.0,2.0,0.046,2.0,1.0,0.464,5.0,2.0,0.49
8,1.0,2.0,0.05,3.0,1.0,0.561,5.0,2.0,0.389
9,1.0,2.0,0.03,4.0,1.0,0.64,5.0,2.0,0.33
10,1.0,2.0,0.052,4.0,2.0,0.394,5.0,2.0,0.554
11,1.0,2.0,0.052,5.0,2.0,0.505,5.0,2.0,0.443
12,1.0,2.0,0.039,5.0,2.0,0.456,6.0,2.0,0.505
13,1.0,2.0,0.039,6.0,2.0,0.498,6.0,2.0,0.463
14,1.0,2.0,0.058,6.0,2.0,0.633,6.0,3.0,0.309
15,1.0,2.0,0.046,7.0,2.0,0.682,6.0,3.0,0.272
16,1.0,2.0,0.053,8.0,2.0,0.746,6.0,3.0,0.201
17,1.0,2.0,0.052,8.0,3.0,0.593,6.0,3.0,0.355
18,1.0,2.0,0.066,8.0,3.0,0.508,7.0,3.0,0.426
19,1.0,2.0,0.032,8.0,3.0,0.459,8.0,3.0,0.509
20,1.0,2.0,0.042,8.0,3.0,0.425,9.0,3.0,0.533
21,1.0,2.0,0.029,9.0,3.0,0.518,9.0,3.0,0.453
22,1.0,2.0,0.033,10.0,3.0,0.536,9.0,3.0,0.431
23,1.0,2.0,0.05,10.0,4.0,0.37,9.0,3.0,0.58
24,1.0,2.0,0.04,11.0,4.0,0.417,9.0,3.0,0.543
25,1.0,2.0,0.041,11.0,4.0,0.387,10.0,3.0,0.572
26,1.0,2.0,0.052,11.0,5.0,0.274,10.0,3.0,0.674
27,1.0,2.0,0.069,11.0,5.0,0.387,10.0,4.0,0.544
28,1.0,2.0,0.055,12.0,5.0,0.434,10.0,4.0,0.511
29,1.0,2.0,0.064,12.0,5.0,0.398,11.0,4.0,0.538
30,1.0,2.0,0.039,12.0,5.0,0.376,12.0,4.0,0.585
31,1.0,2.0,0.044,12.0,5.0,0.328,13.0,4.0,0.628
32,1.0,2.0,0.048,13.0,5.0,0.371,13.0,4.0,0.581
33,1.0,2.0,0.035,14.0,5.0,0.419,13.0,4.0,0.546
34,1.0,2.0,0.047,14.0,6.0,0.302,13.0,4.0,0.651
35,1.0,2.0,0.051,14.0,6.0,0.286,14.0,4.0,0.663
36,1.0,2.0,0.039,14.0,6.0,0.23,15.0,4.0,0.731
37,1.0,2.0,0.036,15.0,6.0,0.264,15.0,4.0,0.7
38,1.0,2.0,0.044,16.0,6.0,0.291,15.0,4.0,0.665
39,1.0,2.0,0.037,16.0,6.0,0.284,16.0,4.0,0.679
40,1.0,2.0,0.048,16.0,6.0,0.233,17.0,4.0,0.719
41,1.0,2.0,0.024,16.0,6.0,0.225,18.0,4.0,0.751
42,1.0,2.0,0.028,17.0,6.0,0.245,18.0,4.0,0.727
43,1.0,2.0,0.031,17.0,6.0,0.196,19.0,4.0,0.773
44,2.0,2.0,0.079,17.0,6.0,0.21,19.0,4.0,0.711
45,2.0,2.0,0.076,17.0,6.0,0.16,20.0,4.0,0.764
46,2.0,2.0,0.085,17.0,6.0,0.183,21.0,4.0,0.732
47,2.0,2.0,0.064,18.0,6.0,0.199,21.0,4.0,0.737
48,2.0,2.0,0.053,18.0,6.0,0.19,22.0,4.0,0.757
49,2.0,2.0,0.06,18.0,6.0,0.165,23.0,4.0,0.775
50,2.0,3.0,0.015,18.0,6.0,0.16,23.0,4.0,0.825
51,2.0,3.0,0.009,18.0,6.0,0.156,24.0,4.0,0.835
52,2.0,3.0,0.019,18.0,6.0,0.209,24.0,5.0,0.772
53,2.0,3.0,0.017,18.0,6.0,0.236,25.0,5.0,0.747
54,2.0,3.0,0.017,18.0,6.0,0.212,26.0,5.0,0.771
55,2.0,3.0,0.028,18.0,6.0,0.27,26.0,6.0,0.702
56,2.0,3.0,0.015,18.0,6.0,0.27,27.0,6.0,0.715
57,2.0,3.0,0.022,19.0,6.0,0.291,27.0,6.0,0.687
58,2.0,3.0,0.027,19.0,7.0,0.208,27.0,6.0,0.765
59,2.0,3.0,0.019,19.0,7.0,0.191,28.0,6.0,0.79
60,2.0,3.0,0.022,19.0,8.0,0.147,28.0,6.0,0.831
61,2.0,3.0,0.022,20.0,8.0,0.137,28.0,6.0,0.841
62,2.0,3.0,0.019,20.0,8.0,0.12,29.0,6.0,0.861
63,2.0,3.0,0.023,20.0,8.0,0.193,29.0,7.0,0.784
64,2.0,3.0,0.022,20.0,8.0,0.18,30.000000000000004,6.9999999999999964,0.798
65,2.0,3.0,0.031,21.0,8.0,0.197,30.000000000000004,6.9999999999999964,0.772
66,2.0,3.0,0.017,21.0,8.0,0.171,31.0,7.0,0.812
67,3.0,3.0,0.052,21.0,8.0,0.156,31.0,7.0,0.792
68,3.0,3.0,0.05,21.0,8.0,0.177,32.0,7.0,0.773
69,3.0,3.0,0.043,22.0,8.0,0.186,32.0,7.0,0.771
70,3.0,3.0,0.045,23.0,8.0,0.195,32.0,7.0,0.76
71,4.0,3.0,0.075,23.0,8.0,0.19,32.0,7.0,0.735
72,4.0,3.0,0.068,24.0,8.0,0.221,32.0,7.0,0.711
73,4.0,3.0,0.066,24.0,8.0,0.205,33.0,7.0,0.729
74,4.0,4.0,0.019,24.0,8.0,0.222,33.0,7.0,0.759
75,4.0,4.0,0.027,24.0,8.0,0.2,34.0,7.0,0.773
76,4.0,4.0,0.021,24.0,8.0,0.172,35.0,7.0,0.807
77,4.0,4.0,0.012,24.0,8.0,0.154,36.0,7.0,0.834
78,4.0,4.0,0.02,24.0,8.0,0.183,37.0,7.0,0.797
79,4.0,4.0,0.019,24.0,8.0,0.15,38.0,7.0,0.831
80,4.0,4.0,0.011,25.0,8.0,0.149,38.0,7.0,0.84
81,4.0,4.0,0.014,25.0,9.0,0.109,38.0,7.0,0.877
82,4.0,4.0,0.018,25.0,9.0,0.098,39.0,7.0,0.884
83,4.0,4.0,0.012,25.0,9.0,0.092,40.0,7.0,0.896
84,4.0,4.0,0.014,25.0,9.0,0.079,41.0,7.0,0.907
85,4.0,4.0,0.017,25.0,9.0,0.065,42.0,7.0,0.918
86,4.0,4.0,0.018,25.0,9.0,0.084,43.0,7.0,0.898
87,4.0,4.0,0.016,25.0,9.0,0.073,44.0,7.0,0.911
88,4.0,4.0,0.006,25.0,9.0,0.043,45.0,7.0,0.951
89,4.0,4.0,0.015,25.0,9.0,0.051,46.0,7.0,0.934
90,4.0,4.0,0.011,25.0,9.0,0.057,47.0,7.0,0.932
91,4.0,4.0,0.01,25.0,9.0,0.054,48.0,7.0,0.936
92,4.0,4.0,0.016,25.0,9.0,0.056,49.0,7.0,0.928
93,4.0,5.0,0.002,25.0,9.0,0.051,49.0,7.0,0.947
94,4.0,5.0,0.002,25.0,9.0,0.04,50.0,7.0,0.958
95,4.0,5.0,0.001,25.0,9.0,0.048,51.0,7.0,0.951
96,4.0,5.0,0.003,25.0,9.0,0.031,52.0,7.0,0.966
97,4.0,5.0,0.001,25.0,9.0,0.039,53.0,7.0,0.96
98,4.0,5.0,0.001,25.0,9.0,0.039,54.0,7.0,0.96
99,4.0,5.0,0.0,25.0,9.0,0.034,55.0,7.0,0.966
100,4.0,5.0,0.002,25.0,9.0,0.023,56.0,7.0,0.975
101,4.0,5.0,0.001,25.0,9.0,0.023,57.0,7.0,0.976
102,4.0,5.0,0.002,25.0,9.0,0.026,58.0,7.0,0.972
103,4.0,5.0,0.004,25.0,9.0,0.028,59.0,7.0,0.968
104,4.0,5.0,0.0,25.0,9.0,0.029,60.0,7.0,0.971
105,4.0,5.0,0.001,25.0,9.0,0.018,61.0,7.0,0.981
106,4.0,5.0,0.0,25.0,9.0,0.018,62.0,7.0,0.982
107,4.0,5.0,0.001,25.0,9.0,0.02,63.0,7.0,0.979
108,4.0,5.0,0.001,25.0,9.0,0.014,63.99999999999999,7.000000000000007,0.985
109,4.0,5.0,0.002,25.0,9.0,0.018,65.0,7.0,0.98
110,4.0,5.0,0.0,25.0,9.0,0.011,66.0,7.0,0.989
111,4.0,5.0,0.001,25.0,9.0,0.012,67.0,7.0,0.987
112,4.0,5.0,0.0,25.0,9.0,0.022,68.0,7.0,0.978
113,4.0,5.0,0.001,25.0,9.0,0.011,69.0,7.0,0.988
114,4.0,5.0,0.0,25.0,9.0,0.013,70.0,7.0,0.987
115,4.0,5.0,0.001,25.0,9.0,0.01,71.0,7.0,0.989
116,4.0,5.0,0.001,25.0,9.0,0.018,71.0,8.0,0.981
117,4.0,5.0,0.001,25.0,9.0,0.012,72.0,8.0,0.987
118,4.0,5.0,0.0,25.0,9.0,0.014,73.0,8.0,0.986
119,4.0,5.0,0.0,25.0,9.0,0.014,74.0,8.0,0.986
120,4.0,5.0,0.0,25.0,9.0,0.011,75.0,8.0,0.989
121,4.0,5.0,0.002,25.0,9.0,0.015,75.0,9.0,0.983
122,4.0,5.0,0.002,25.0,9.0,0.016,76.0,9.0,0.982
123,4.0,5.0,0.0,25.0,9.0,0.02,77.0,9.0,0.98
124,4.0,5.0,0.0,25.0,9.0,0.018,78.0,9.0,0.982
125,4.0,5.0,0.001,25.0,9.0,0.016,79.0,9.0,0.983
126,4.0,5.0,0.002,25.0,9.0,0.012,80.0,9.0,0.986
127,4.0,5.0,0.0,25.0,9.0,0.016,81.0,9.0,0.984
128,4.0,5.0,0.003,25.0,9.0,0.013,82.0,9.0,0.984
129,4.0,5.0,0.0,25.0,9.0,0.011,83.0,9.0,0.989
130,4.0,5.0,0.0,25.0,9.0,0.011,84.0,9.0,0.989
131,4.0,5.0,0.0,25.0,9.0,0.005,85.0,9.0,0.995
132,4.0,5.0,0.0,25.0,9.0,0.011,86.0,9.0,0.989
133,4.0,5.0,0.0,25.0,9.0,0.01,87.0,9.0,0.99
134,4.0,5.0,0.0,25.0,9.0,0.012,88.0,9.0,0.988
135,4.0,5.0,0.0,25.0,9.0,0.007,89.0,9.0,0.993
136,4.0,5.0,0.002,25.0,9.0,0.01,90.0,9.0,0.988
137,4.0,5.0,0.001,25.0,9.0,0.01,91.0,9.0,0.989
138,4.0,5.0,0.001,25.0,9.0,0.009,92.0,9.0,0.99
139,4.0,5.0,0.001,25.0,9.0,0.006,93.0,9.0,0.993
140,4.0,5.0,0.0,25.0,9.0,0.006,94.0,9.0,0.994
141,4.0,5.0,0.0,25.0,9.0,0.009,95.0,9.0,0.991
142,4.0,5.0,0.0,25.0,9.0,0.007,95.0,10.0,0.993
143,4.0,5.0,0.003,26.0,9.0,0.014,95.0,10.0,0.983
144,4.0,5.0,0.001,26.0,9.0,0.009,96.0,10.0,0.99
145,4.0,5.0,0.001,26.0,9.0,0.007,97.0,10.0,0.992
146,4.0,5.0,0.002,26.0,9.0,0.009,98.0,10.0,0.989
147,4.0,5.0,0.0,26.0,9.0,0.01,99.0,10.0,0.99
148,4.0,5.0,0.0,26.0,9.0,0.012,100.0,10.0,0.988
149,4.0,5.0,0.0,26.0,9.0,0.007,101.0,10.0,0.993
150,4.0,5.0,0.001,26.0,9.0,0.015,101.0,11.0,0.984
151,4.0,5.0,0.0,27.0,9.0,0.016,101.0,11.0,0.984
152,4.0,5.0,0.003,27.0,9.0,0.019,102.0,11.0,0.978
153,4.0,5.0,0.0,27.0,9.0,0.018,103.0,11.0,0.982
154,4.0,5.0,0.0,27.0,9.0,0.015,104.0,11.0,0.985
155,4.0,5.0,0.0,27.0,9.0,0.005,105.0,11.0,0.995
156,4.0,5.0,0.0,27.0,9.0,0.015,106.0,11.0,0.985
157,4.0,5.0,0.0,27.0,9.0,0.004,107.0,11.0,0.996
158,4.0,5.0,0.001,27.0,9.0,0.021,107.0,12.0,0.978
159,4.0,5.0,0.0,27.0,9.0,0.009,108.0,12.0,0.991
160,4.0,5.0,0.0,27.0,9.0,0.011,109.0,12.0,0.989
161,4.0,5.0,0.0,27.0,9.0,0.011,110.0,12.0,0.989
162,4.0,5.0,0.0,27.0,9.0,0.015,111.0,12.0,0.985
163,4.0,5.0,0.0,27.0,9.0,0.015,112.0,12.0,0.985
164,4.0,5.0,0.0,27.0,9.0,0.005,113.0,12.0,0.995
165,4.0,5.0,0.001,27.0,9.0,0.011,114.0,12.0,0.988
166,4.0,5.0,0.001,27.0,9.0,0.016,114.0,13.0,0.983
167,4.0,5.0,0.003,27.0,9.0,0.012,115.0,13.0,0.985
168,4.0,5.0,0.0,27.0,9.0,0.012,116.0,13.0,0.988
169,4.0,5.0,0.002,27.0,9.0,0.018,117.0,13.0,0.98
170,4.0,5.0,0.001,27.0,9.0,0.016,118.0,13.0,0.983
171,4.0,5.0,0.001,27.0,9.0,0.015,119.0,13.0,0.984
172,4.0,5.0,0.001,27.0,9.0,0.014,120.0,13.0,0.985
173,4.0,5.0,0.001,27.0,9.0,0.015,121.0,13.0,0.984
174,4.0,5.0,0.001,27.0,9.0,0.017,122.0,13.0,0.982
175,4.0,5.0,0.001,27.0,9.0,0.015,123.0,13.0,0.984
176,4.0,5.0,0.0,27.0,9.0,0.007,124.0,13.0,0.993
177,4.0,5.0,0.001,27.0,9.0,0.017,124.0,14.0,0.982
178,4.0,5.0,0.0,27.0,9.0,0.015,125.0,14.0,0.985
179,4.0,5.0,0.001,27.0,9.0,0.006,126.0,14.0,0.993
180,4.0,5.0,0.002,27.0,9.0,0.02,127.0,14.0,0.978
181,4.0,5.0,0.0,27.0,9.0,0.016,128.0,14.0,0.984
182,4.0,5.0,0.0,27.0,9.0,0.01,129.0,14.0,0.99
183,4.0,5.0,0.0,27.0,9.0,0.008,130.0,14.0,0.992
184,4.0,5.0,0.0,27.0,9.0,0.012,131.0,14.0,0.988
185,4.0,5.0,0.0,27.0,9.0,0.006,132.0,14.0,0.994
186,4.0,5.0,0.0,27.0,9.0,0.012,133.0,14.0,0.988
187,4.0,5.0,0.0,27.0,9.0,0.012,134.0,14.0,0.988
188,4.0,5.0,0.0,27.0,9.0,0.012,134.0,15.0,0.988
189,4.0,5.0,0.0,27.0,9.0,0.012,135.0,15.0,0.988
190,4.0,5.0,0.002,27.0,9.0,0.009,136.0,15.0,0.989
191,4.0,5.0,0.0,28.0,9.0,0.022,136.0,15.0,0.978
192,4.0,5.0,0.0,28.0,9.0,0.012,137.0,15.0,0.988
193,4.0,5.0,0.0,28.0,9.0,0.02,138.0,15.0,0.98
194,4.0,5.0,0.0,28.0,9.0,0.012,139.0,15.0,0.988
195,4.0,5.0,0.001,28.0,9.0,0.013,140.0,15.0,0.986
196,4.0,5.0,0.001,28.0,9.0,0.005,141.0,15.0,0.994
197,4.0,5.0,0.001,28.0,9.0,0.016,142.0,15.0,0.983
198,4.0,5.0,0.0,28.0,9.0,0.011,143.0,15.0,0.989
199,4.0,5.0,0.0,28.0,9.0,0.018,143.0,16.0,0.982
200,4.0,5.0,0.0,28.0,9.0,0.013,144.0,16.0,0.987
201,4.0,5.0,0.001,28.0,9.0,0.012,145.0,16.0,0.987
202,4.0,5.0,0.001,28.0,9.0,0.018,146.0,16.0,0.981
203,4.0,5.0,0.0,28.0,9.0,0.013,147.0,16.0,0.987
204,4.0,5.0,0.0,28.0,9.0,0.015,148.0,16.0,0.985
205,4.0,5.0,0.002,28.0,9.0,0.01,149.0,16.0,0.988
206,4.0,5.0,0.0,28.0,9.0,0.009,149.0,17.0,0.991
207,4.0,5.0,0.001,28.0,9.0,0.013,150.0,17.0,0.986
208,4.0,5.0,0.001,28.0,9.0,0.019,151.0,17.0,0.98
209,4.0,5.0,0.001,28.0,9.0,0.029,151.0,18.0,0.97
210,4.0,5.0,0.001,28.0,9.0,0.016,152.0,18.0,0.983
211,4.0,5.0,0.002,28.0,9.0,0.018,153.0,18.0,0.98
212,4.0,5.0,0.002,28.0,9.0,0.019,154.0,18.0,0.979
213,4.0,5.0,0.003,28.0,9.0,0.022,155.0,18.0,0.975
214,4.0,5.0,0.002,28.0,9.0,0.022,156.0,18.0,0.976
215,4.0,5.0,0.001,28.0,9.0,0.021,157.0,18.0,0.978
216,4.0,5.0,0.001,28.0,9.0,0.015,158.0,18.0,0.984
217,4.0,5.0,0.001,28.0,9.0,0.018,159.0,18.0,0.981
218,4.0,5.0,0.002,28.0,9.0,0.014,160.0,18.0,0.984
219,4.0,5.0,0.001,28.0,9.0,0.015,161.0,18.0,0.984
220,4.0,5.0,0.001,28.0,9.0,0.009,162.0,18.0,0.99
221,4.0,5.0,0.0,28.0,9.0,0.01,162.0,19.0,0.99
222,4.0,5.0,0.001,28.0,9.0,0.016,163.0,19.0,0.983
223,4.0,5.0,0.002,28.0,9.0,0.02,164.0,19.0,0.978
224,4.0,5.0,0.0,28.0,9.0,0.026,164.0,20.0,0.974
225,4.0,5.0,0.001,28.0,9.0,0.026,165.0,20.0,0.973
226,4.0,5.0,0.001,28.0,9.0,0.027,166.0,20.0,0.972
227,4.0,5.0,0.002,28.0,9.0,0.02,166.0,21.0,0.978
228,4.0,5.0,0.0,28.0,9.0,0.04,166.0,22.0,0.96
229,4.0,5.0,0.002,28.0,9.0,0.044,166.0,23.0,0.954
230,4.0,5.0,0.001,28.0,9.0,0.023,167.0,23.0,0.976
231,4.0,5.0,0.001,28.0,9.0,0.031,168.0,23.0,0.968
232,4.0,5.0,0.002,28.0,9.0,0.04,169.0,23.0,0.958
233,4.0,5.0,0.001,28.0,9.0,0.023,170.0,23.0,0.976
234,4.0,5.0,0.001,28.0,9.0,0.025,171.0,23.0,0.974
235,4.0,5.0,0.002,28.0,9.0,0.039,171.0,24.0,0.959
236,4.0,5.0,0.001,28.0,9.0,0.04,172.0,24.0,0.959
237,4.0,5.0,0.001,28.0,9.0,0.036,173.0,24.0,0.963
238,4.0,5.0,0.001,28.0,9.0,0.032,174.0,24.0,0.967
239,4.0,5.0,0.001,28.0,9.0,0.042,174.0,25.0,0.957
240,4.0,5.0,0.001,28.0,9.0,0.039,175.0,25.0,0.96
241,4.0,5.0,0.004,28.0,9.0,0.035,176.0,25.0,0.961
242,4.0,5.0,0.004,28.0,9.0,0.027,177.0,25.0,0.969
243,4.0,5.0,0.003,28.0,9.0,0.048,177.0,26.0,0.949
244,4.0,5.0,0.003,29.0,9.0,0.051,177.0,26.0,0.946
245,4.0,5.0,0.001,29.0,9.0,0.049,178.0,26.0,0.95
246,4.0,5.0,0.002,29.0,9.0,0.048,178.0,27.0,0.95
247,4.0,5.0,0.002,29.0,9.0,0.059,179.0,27.0,0.939
248,4.0,5.0,0.0,29.0,9.0,0.056,180.0,27.0,0.944
249,4.0,5.0,0.002,29.0,9.0,0.055,181.0,27.0,0.943
250,4.0,5.0,0.001,29.0,9.0,0.042,182.0,27.0,0.957
251,4.0,5.0,0.002,29.0,9.0,0.048,183.0,27.0,0.95
252,4.0,5.0,0.001,29.0,9.0,0.059,184.0,27.0,0.94
253,4.0,5.0,0.0,29.0,9.0,0.061,185.0,27.0,0.939
254,4.0,5.0,0.0,29.0,9.0,0.046,186.0,27.0,0.954
255,4.0,5.0,0.0,29.0,9.0,0.055,187.0,27.0,0.945
256,4.0,5.0,0.003,29.0,9.0,0.053,188.0,27.0,0.944
257,4.0,5.0,0.001,29.0,9.0,0.04,189.0,27.0,0.959
258,4.0,5.0,0.002,29.0,9.0,0.059,189.0,28.0,0.939
259,4.0,5.0,0.001,29.0,9.0,0.053,190.0,28.0,0.946
260,4.0,5.0,0.005,29.0,9.0,0.054,191.0,28.0,0.941
261,4.0,5.0,0.004,29.0,9.0,0.048,192.0,28.0,0.948
262,4.0,5.0,0.002,29.0,9.0,0.053,193.0,28.0,0.945
263,4.0,5.0,0.002,29.0,9.0,0.049,194.0,28.0,0.949
264,4.0,5.0,0.001,29.0,9.0,0.06,194.0,29.0,0.939
265,4.0,5.0,0.003,29.0,9.0,0.058,195.0,29.0,0.939
266,4.0,5.0,0.002,29.0,9.0,0.059,196.0,29.0,0.939
267,4.0,5.0,0.003,29.0,9.0,0.053,197.0,29.0,0.944
268,4.0,5.0,0.001,29.0,9.0,0.048,198.0,29.0,0.951
269,4.0,5.0,0.0,29.0,9.0,0.052,199.0,29.0,0.948
270,4.0,5.0,0.0,29.0,9.0,0.059,200.0,29.0,0.941
271,4.0,5.0,0.001,29.0,9.0,0.055,201.0,29.0,0.944
272,4.0,5.0,0.001,29.0,9.0,0.033,202.0,29.0,0.966
273,4.0,5.0,0.001,29.0,9.0,0.051,203.0,29.0,0.948
274,4.0,5.0,0.0,29.0,9.0,0.05,204.0,29.0,0.95
275,4.0,5.0,0.004,29.0,9.0,0.035,205.0,29.0,0.961
276,4.0,5.0,0.001,29.0,9.0,0.043,206.0,29.0,0.956
277,4.0,5.0,0.0,29.0,9.0,0.045,207.0,29.0,0.955
278,4.0,5.0,0.001,29.0,9.0,0.056,208.0,29.0,0.943
279,4.0,5.0,0.0,29.0,9.0,0.042,209.0,29.0,0.958
280,4.0,5.0,0.002,29.0,9.0,0.053,209.0,30.0,0.945
281,4.0,5.0,0.0,29.0,9.0,0.06,209.0,31.0,0.94
282,4.0,5.0,0.0,29.0,9.0,0.054,210.0,31.0,0.946
283,4.0,5.0,0.0,29.0,9.0,0.036,211.0,31.0,0.964
284,4.0,5.0,0.001,29.0,9.0,0.044,212.0,31.0,0.955
285,4.0,5.0,0.001,29.0,9.0,0.058,213.0,31.0,0.941
286,4.0,5.0,0.001,29.0,9.0,0.053,214.0,31.0,0.946
287,4.0,5.0,0.002,29.0,9.0,0.048,215.0,31.0,0.95
288,4.0,5.0,0.004,30.0,9.0,0.071,215.0,31.0,0.925
289,4.0,5.0,0.002,30.0,9.0,0.055,216.0,31.0,0.943
290,4.0,5.0,0.001,31.0,9.0,0.067,216.0,31.0,0.932
291,4.0,5.0,0.0,31.0,9.0,0.052,217.0,31.0,0.948
292,4.0,5.0,0.002,31.0,9.0,0.056,218.0,31.0,0.942
293,4.0,5.0,0.001,31.0,9.0,0.053,219.0,31.0,0.946
294,4.0,5.0,0.001,31.0,9.0,0.067,219.0,32.0,0.932
295,4.0,5.0,0.003,31.0,9.0,0.077,220.0,32.0,0.92
296,4.0,5.0,0.002,31.0,9.0,0.052,221.0,32.0,0.946
297,4.0,5.0,0.001,31.0,9.0,0.063,222.0,32.0,0.936
298,4.0,5.0,0.0,31.0,9.0,0.063,223.0,32.0,0.937
299,4.0,5.0,0.003,31.0,9.0,0.074,224.0,32.0,0.923
300,4.0,5.0,0.002,31.0,9.0,0.067,225.0,32.0,0.931
301,4.0,5.0,0.004,31.0,9.0,0.048,226.0,32.0,0.948
302,4.0,5.0,0.0,31.0,9.0,0.066,227.0,32.0,0.934
303,4.0,5.0,0.0,31.999999999999996,9.000000000000004,0.06,227.0,32.0,0.94
304,4.0,5.0,0.0,31.999999999999996,9.000000000000004,0.06,228.0,32.0,0.94
305,4.0,5.0,0.003,31.999999999999996,9.000000000000004,0.084,228.0,33.0,0.913
306,4.0,5.0,0.001,31.999999999999996,9.000000000000004,0.064,229.0,33.0,0.935
307,4.0,5.0,0.001,31.999999999999996,9.000000000000004,0.074,230.0,33.0,0.925
308,4.0,5.0,0.001,31.999999999999996,9.000000000000004,0.063,231.0,33.0,0.936
309,4.0,5.0,0.001,31.999999999999996,9.000000000000004,0.075,232.0,33.0,0.924
310,4.0,5.0,0.0,31.999999999999996,9.000000000000004,0.081,233.0,33.0,0.919
311,4.0,5.0,0.001,31.999999999999996,9.000000000000004,0.054,234.0,33.0,0.945
312,4.0,5.0,0.0,31.999999999999996,9.000000000000004,0.075,235.0,33.0,0.925
313,4.0,5.0,0.001,31.999999999999996,9.000000000000004,0.072,236.0,33.0,0.927
314,4.0,5.0,0.0,31.999999999999996,9.000000000000004,0.061,236.0,34.0,0.939
315,4.0,5.0,0.0,31.999999999999996,9.000000000000004,0.06,237.0,34.0,0.94
316,4.0,5.0,0.001,32.0,10.0,0.038,237.0,34.0,0.961
317,4.0,5.0,0.001,32.0,10.0,0.036,238.0,34.0,0.963
318,4.0,5.0,0.001,32.0,10.0,0.033,239.0,34.0,0.966
319,4.0,5.0,0.002,32.0,10.0,0.032,240.0,34.0,0.966
320,4.0,5.0,0.002,32.0,10.0,0.029,241.0,34.0,0.969
321,4.0,5.0,0.0,32.0,10.0,0.035,242.0,34.0,0.965
322,4.0,5.0,0.002,32.0,10.0,0.041,243.0,34.0,0.957
323,4.0,5.0,0.003,32.0,10.0,0.039,244.0,34.0,0.958
324,4.0,5.0,0.001,32.0,10.0,0.028,245.0,34.0,0.971
325,4.0,5.0,0.001,32.0,10.0,0.032,246.0,34.0,0.967
326,4.0,5.0,0.003,32.0,10.0,0.028,247.0,34.0,0.969
327,4.0,5.0,0.001,32.0,10.0,0.03,248.0,34.0,0.969
328,4.0,5.0,0.001,32.0,10.0,0.04,249.0,34.0,0.959
329,4.0,5.0,0.001,32.0,10.0,0.028,250.0,34.0,0.971
330,4.0,5.0,0.001,32.0,10.0,0.027,250.99999999999997,34.00000000000003,0.972
331,4.0,5.0,0.0,32.0,10.0,0.025,252.0,34.0,0.975
332,4.0,5.0,0.001,32.0,10.0,0.034,252.0,35.0,0.965
333,4.0,5.0,0.001,32.0,10.0,0.019,253.0,35.0,0.98
334,4.0,5.0,0.0,32.0,10.0,0.037,254.0,35.0,0.963
335,4.0,5.0,0.0,32.0,10.0,0.034,255.0,35.0,0.966
336,4.0,5.0,0.002,32.0,10.0,0.035,256.0,35.0,0.963
337,4.0,5.0,0.001,32.0,10.0,0.04,257.0,35.0,0.959
338,4.0,5.0,0.001,32.0,10.0,0.024,258.0,35.0,0.975
339,4.0,5.0,0.001,32.0,10.0,0.025,259.0,35.0,0.974
340,4.0,5.0,0.0,32.0,10.0,0.03,260.0,35.0,0.97
341,4.0,5.0,0.0,32.0,10.0,0.023,261.0,35.0,0.977
342,4.0,5.0,0.0,32.0,10.0,0.018,262.0,35.0,0.982
343,4.0,5.0,0.0,32.0,10.0,0.033,262.0,36.0,0.967
344,4.0,5.0,0.0,32.0,10.0,0.03,263.0,36.0,0.97
345,4.0,5.0,0.001,32.0,10.0,0.023,263.0,37.0,0.976
346,4.0,5.0,0.0,32.0,10.0,0.032,264.0,37.0,0.968
347,4.0,5.0,0.001,32.0,10.0,0.02,265.0,37.0,0.979
348,4.0,5.0,0.003,32.0,10.0,0.026,266.0,37.0,0.971
349,4.0,5.0,0.003,32.0,10.0,0.033,267.0,37.0,0.964
350,4.0,5.0,0.001,32.0,10.0,0.027,268.0,37.0,0.972
351,4.0,5.0,0.002,32.0,10.0,0.029,269.0,37.0,0.969
352,4.0,5.0,0.0,33.0,10.0,0.038,269.0,37.0,0.962
353,4.0,5.0,0.003,33.0,10.0,0.027,270.0,37.0,0.97
354,4.0,5.0,0.0,33.0,10.0,0.029,271.0,37.0,0.971
355,4.0,5.0,0.002,33.0,10.0,0.036,272.0,37.0,0.962
356,4.0,5.0,0.001,33.0,10.0,0.029,273.0,37.0,0.97
357,4.0,5.0,0.004,33.0,10.0,0.041,274.0,37.0,0.955
358,4.0,5.0,0.0,33.0,10.0,0.033,275.0,37.0,0.967
359,4.0,5.0,0.001,33.0,10.0,0.031,275.0,38.0,0.968
360,4.0,5.0,0.002,33.0,10.0,0.036,276.0,38.0,0.962
361,4.0,5.0,0.0,33.0,10.0,0.035,277.0,38.0,0.965
362,4.0,5.0,0.001,33.0,10.0,0.041,277.0,39.0,0.958
363,4.0,5.0,0.0,33.0,10.0,0.029,278.0,39.0,0.971
364,4.0,5.0,0.002,33.0,10.0,0.046,279.0,39.0,0.952
365,4.0,5.0,0.002,33.0,10.0,0.038,280.0,39.0,0.96
366,4.0,5.0,0.0,33.0,10.0,0.035,281.0,39.0,0.965
367,4.0,5.0,0.0,33.0,10.0,0.023,282.0,39.0,0.977
368,4.0,5.0,0.001,33.0,10.0,0.036,283.0,39.0,0.963
369,4.0,5.0,0.001,33.0,10.0,0.037,284.0,39.0,0.962
370,4.0,5.0,0.001,33.0,10.0,0.03,285.0,39.0,0.969
371,4.0,5.0,0.001,33.0,10.0,0.033,285.0,40.0,0.966
372,4.0,5.0,0.002,33.0,10.0,0.041,286.0,40.0,0.957
373,4.0,5.0,0.002,33.0,10.0,0.043,286.0,41.0,0.955
374,4.0,5.0,0.001,33.0,10.0,0.032,287.0,41.0,0.967
375,4.0,5.0,0.0,33.0,10.0,0.034,288.0,41.0,0.966
376,4.0,5.0,0.001,33.0,10.0,0.036,289.0,41.0,0.963
377,4.0,5.0,0.002,33.0,10.0,0.034,290.0,41.0,0.964
378,4.0,5.0,0.0,33.0,10.0,0.033,291.0,41.0,0.967
379,4.0,5.0,0.004,33.0,10.0,0.04,291.0,42.0,0.956
380,4.0,5.0,0.0,33.0,10.0,0.042,292.0,42.0,0.958
381,4.0,5.0,0.002,34.0,10.0,0.051,292.0,42.0,0.947
382,4.0,5.0,0.001,34.0,10.0,0.053,293.0,42.0,0.946
383,4.0,5.0,0.001,34.0,10.0,0.046,294.0,42.0,0.953
384,4.0,5.0,0.0,34.0,10.0,0.044,295.0,42.0,0.956
385,4.0,5.0,0.002,34.0,10.0,0.045,296.0,42.0,0.953
386,4.0,5.0,0.001,34.0,10.0,0.042,297.0,42.0,0.957
387,4.0,5.0,0.0,34.0,10.0,0.056,298.0,42.0,0.944
388,4.0,5.0,0.0,34.0,10.0,0.041,299.0,42.0,0.959
389,4.0,5.0,0.002,34.0,10.0,0.045,300.0,42.0,0.953
390,4.0,5.0,0.0,34.0,10.0,0.042,301.0,42.0,0.958
391,4.0,5.0,0.001,34.0,10.0,0.045,302.0,42.0,0.954
392,4.0,5.0,0.001,34.0,10.0,0.04,303.0,42.0,0.959
393,4.0,5.0,0.002,34.0,10.0,0.033,304.0,42.0,0.965
394,4.0,5.0,0.003,34.0,10.0,0.036,305.0,42.0,0.961
395,4.0,5.0,0.001,34.0,10.0,0.037,306.0,42.0,0.962
396,4.0,5.0,0.001,34.0,10.0,0.047,307.0,42.0,0.952
397,4.0,5.0,0.003,34.0,10.0,0.044,307.0,43.0,0.953
398,4.0,5.0,0.001,34.0,10.0,0.047,308.0,43.0,0.952
399,4.0,5.0,0.0,34.0,10.0,0.035,309.0,43.0,0.965
400,4.0,5.0,0.001,34.0,10.0,0.047,310.0,43.0,0.952
401,4.0,5.0,0.0,34.0,10.0,0.039,311.0,43.0,0.961
402,4.0,5.0,0.001,34.0,10.0,0.041,312.0,43.0,0.958
403,4.0,5.0,0.0,34.0,10.0,0.045,313.0,43.0,0.955
404,4.0,5.0,0.001,34.0,10.0,0.037,314.0,43.0,0.962
405,4.0,5.0,0.001,34.0,10.0,0.045,315.0,43.0,0.954
406,4.0,5.0,0.0,34.0,10.0,0.039,316.0,43.0,0.961
407,4.0,5.0,0.001,34.0,10.0,0.041,316.0,44.0,0.958
408,4.0,5.0,0.001,34.0,10.0,0.038,317.0,44.0,0.961
409,4.0,5.0,0.003,34.0,10.0,0.038,318.0,44.0,0.959
410,4.0,5.0,0.002,34.0,10.0,0.045,319.0,44.0,0.953
411,4.0,5.0,0.001,34.0,10.0,0.044,320.0,44.0,0.955
412,4.0,5.0,0.0,34.0,10.0,0.041,320.0,45.0,0.959
413,4.0,5.0,0.003,34.0,10.0,0.035,321.0,45.0,0.962
414,4.0,5.0,0.003,34.0,10.0,0.044,322.0,45.0,0.953
415,4.0,5.0,0.001,34.0,10.0,0.042,323.0,45.0,0.957
416,4.0,5.0,0.002,34.0,10.0,0.042,324.0,45.0,0.956
417,4.0,5.0,0.0,34.0,10.0,0.045,325.0,45.0,0.955
418,4.0,5.0,0.003,34.0,10.0,0.035,325.0,46.0,0.962
419,4.0,5.0,0.001,34.0,10.0,0.032,326.0,46.0,0.967
420,4.0,5.0,0.001,34.0,10.0,0.059,327.0,46.0,0.94
421,4.0,5.0,0.005,34.0,10.0,0.033,328.0,46.0,0.962
422,4.0,5.0,0.001,34.0,10.0,0.035,328.0,47.0,0.964
423,4.0,5.0,0.002,34.0,10.0,0.037,329.0,47.0,0.961
424,4.0,5.0,0.002,34.0,10.0,0.027,330.0,47.0,0.971
425,4.0,5.0,0.0,34.0,10.0,0.043,330.0,48.0,0.957
426,4.0,5.0,0.004,34.0,10.0,0.049,331.0,48.0,0.947
427,4.0,5.0,0.001,34.0,10.0,0.048,332.0,48.0,0.951
428,4.0,5.0,0.001,34.0,10.0,0.047,333.0,48.0,0.952
429,4.0,5.0,0.001,34.0,10.0,0.046,334.0,48.0,0.953
430,4.0,5.0,0.002,34.0,10.0,0.055,334.0,49.0,0.943
431,4.0,5.0,0.001,34.0,10.0,0.053,334.0,50.0,0.946
432,4.0,5.0,0.002,34.0,10.0,0.052,335.0,50.0,0.946
433,4.0,5.0,0.003,34.0,10.0,0.047,336.0,50.0,0.95
434,4.0,5.0,0.002,34.0,10.0,0.054,337.0,50.0,0.944
435,4.0,5.0,0.001,34.0,10.0,0.053,338.0,50.0,0.946
436,4.0,5.0,0.002,34.0,10.0,0.05,339.0,50.0,0.948
437,4.0,5.0,0.001,34.0,10.0,0.053,340.0,50.0,0.946
438,4.0,5.0,0.001,34.0,10.0,0.054,341.0,50.0,0.945
439,4.0,5.0,0.002,34.0,10.0,0.056,342.0,50.0,0.942
440,4.0,5.0,0.001,34.0,10.0,0.057,343.0,50.0,0.942
441,4.0,5.0,0.0,34.0,10.0,0.057,344.0,50.0,0.943
442,4.0,5.0,0.0,34.0,10.0,0.051,345.0,50.0,0.949
443,4.0,5.0,0.003,34.0,10.0,0.047,346.0,50.0,0.95
444,4.0,5.0,0.001,34.0,10.0,0.05,347.0,50.0,0.949
445,4.0,5.0,0.002,34.0,10.0,0.047,348.0,50.0,0.951
446,4.0,5.0,0.002,34.0,10.0,0.039,349.0,50.0,0.959
447,4.0,5.0,0.001,35.0,10.0,0.055,349.0,50.0,0.944
448,4.0,5.0,0.001,35.0,10.0,0.045,350.0,50.0,0.954
449,4.0,5.0,0.0,35.0,10.0,0.063,351.0,50.0,0.937
450,4.0,5.0,0.001,36.0,10.0,0.054,351.0,50.0,0.945
451,4.0,5.0,0.002,36.0,10.0,0.057,352.0,50.0,0.941
452,4.0,5.0,0.001,36.0,10.0,0.054,353.0,50.0,0.945
453,4.0,5.0,0.001,36.0,10.0,0.048,354.0,50.0,0.951
454,4.0,5.0,0.002,36.0,10.0,0.049,355.0,50.0,0.949
455,4.0,5.0,0.001,36.0,10.0,0.053,356.0,50.0,0.946
456,4.0,5.0,0.0,36.0,10.0,0.058,357.0,50.0,0.942
457,4.0,5.0,0.001,37.0,10.0,0.064,357.0,50.0,0.935
458,4.0,5.0,0.001,37.0,10.0,0.058,358.0,50.0,0.941
459,4.0,5.0,0.0,37.0,10.0,0.059,359.0,50.0,0.941
460,4.0,5.0,0.002,37.0,10.0,0.051,360.0,50.0,0.947
461,4.0,5.0,0.004,37.0,10.0,0.062,361.0,50.0,0.934
462,4.0,5.0,0.003,37.0,10.0,0.054,362.0,50.0,0.943
463,4.0,5.0,0.0,38.0,10.0,0.062,362.0,50.0,0.938
464,4.0,5.0,0.004,38.0,10.0,0.052,363.0,50.0,0.944
465,4.0,5.0,0.002,38.0,10.0,0.048,364.0,50.0,0.95
466,4.0,5.0,0.002,38.0,10.0,0.05,365.0,50.0,0.948
467,4.0,5.0,0.0,38.0,10.0,0.059,366.0,50.0,0.941
468,4.0,5.0,0.003,38.0,10.0,0.077,367.0,50.0,0.92
469,4.0,5.0,0.001,38.0,10.0,0.062,368.0,50.0,0.937
470,4.0,5.0,0.0,38.0,10.0,0.059,369.0,50.0,0.941
471,4.0,5.0,0.0,38.0,10.0,0.065,370.0,50.0,0.935
472,4.0,5.0,0.002,38.0,10.0,0.053,371.0,50.0,0.945
473,4.0,5.0,0.002,38.0,10.0,0.056,372.0,50.0,0.942
474,4.0,5.0,0.001,38.0,10.0,0.048,373.0,50.0,0.951
475,4.0,5.0,0.0,38.0,10.0,0.054,374.0,50.0,0.946
476,4.0,5.0,0.001,38.0,10.0,0.048,375.0,50.0,0.951
477,4.0,5.0,0.002,38.0,10.0,0.061,376.0,50.0,0.937
478,4.0,5.0,0.002,38.0,10.0,0.06,377.0,50.0,0.938
479,4.0,5.0,0.001,38.0,10.0,0.056,378.0,50.0,0.943
480,4.0,5.0,0.0,38.0,10.0,0.055,378.0,51.0,0.945
481,4.0,5.0,0.002,38.0,10.0,0.061,378.0,52.0,0.937
482,4.0,5.0,0.001,38.0,10.0,0.053,379.0,52.0,0.946
483,4.0,5.0,0.001,38.0,10.0,0.048,380.0,52.0,0.951
484,4.0,5.0,0.002,38.0,10.0,0.071,381.0,52.0,0.927
485,4.0,5.0,0.0,38.0,10.0,0.047,382.0,52.0,0.953
486,4.0,5.0,0.001,38.0,10.0,0.062,383.0,52.0,0.937
487,4.0,5.0,0.0,38.0,10.0,0.059,384.0,52.0,0.941
488,4.0,5.0,0.002,38.0,10.0,0.049,385.0,52.0,0.949
489,4.0,5.0,0.001,38.0,10.0,0.052,386.0,52.0,0.947
490,4.0,5.0,0.0,38.0,10.0,0.065,387.0,52.0,0.935
491,4.0,5.0,0.002,38.0,10.0,0.053,388.0,52.0,0.945
492,4.0,5.0,0.001,38.0,10.0,0.055,389.0,52.0,0.944
493,4.0,5.0,0.0,38.0,10.0,0.049,390.0,52.0,0.951
494,4.0,5.0,0.001,38.0,10.0,0.06,391.0,52.0,0.939
495,4.0,5.0,0.0,38.0,10.0,0.059,392.0,52.0,0.941
496,4.0,5.0,0.002,38.0,10.0,0.054,392.0,53.0,0.944
497,4.0,5.0,0.0,38.0,10.0,0.058,393.0,53.0,0.942
498,4.0,5.0,0.001,38.0,10.0,0.061,393.0,54.0,0.938
499,4.0,5.0,0.001,38.0,10.0,0.065,394.0,54.0,0.934
500,4.0,5.0,0.003,38.0,10.0,0.044,395.0,54.0,0.953
501,4.0,5.0,0.003,38.0,10.0,0.052,396.0,54.0,0.945
502,4.0,5.0,0.0,38.0,10.0,0.055,397.0,54.0,0.945
503,4.0,5.0,0.002,38.0,10.0,0.064,398.0,54.0,0.934
504,4.0,5.0,0.0,38.0,10.0,0.049,399.0,54.0,0.951
505,4.0,5.0,0.0,39.0,10.0,0.047,399.0,54.0,0.953
506,4.0,5.0,0.002,39.0,10.0,0.059,400.0,54.0,0.939
507,4.0,5.0,0.0,39.0,10.0,0.064,401.0,54.0,0.936
508,4.0,5.0,0.001,39.0,10.0,0.067,402.0,54.0,0.932
509,4.0,5.0,0.001,39.0,10.0,0.061,403.0,54.0,0.938
510,4.0,5.0,0.002,39.0,10.0,0.057,404.0,54.0,0.941
511,4.0,5.0,0.0,39.0,10.0,0.058,405.0,54.0,0.942
512,4.0,5.0,0.001,39.0,10.0,0.056,406.0,54.0,0.943
513,4.0,5.0,0.001,39.0,10.0,0.053,407.0,54.0,0.946
514,4.0,5.0,0.001,39.0,10.0,0.06,408.0,54.0,0.939
515,4.0,5.0,0.0,39.0,10.0,0.062,409.0,54.0,0.938
516,4.0,5.0,0.002,39.0,10.0,0.06,410.0,54.0,0.938
517,4.0,5.0,0.001,39.0,10.0,0.07,411.0,54.0,0.929
518,4.0,5.0,0.001,39.0,10.0,0.048,412.0,54.0,0.951
519,4.0,5.0,0.0,39.0,10.0,0.043,413.0,54.0,0.957
520,4.0,5.0,0.001,39.0,10.0,0.064,414.0,54.0,0.935
521,4.0,5.0,0.001,39.0,10.0,0.057,415.0,54.0,0.942
522,4.0,5.0,0.001,39.0,10.0,0.05,416.0,54.0,0.949
523,4.0,5.0,0.0,39.0,10.0,0.048,417.0,54.0,0.952
524,4.0,5.0,0.0,39.0,10.0,0.058,418.0,54.0,0.942
525,4.0,5.0,0.0,39.0,10.0,0.058,419.0,54.0,0.942
526,4.0,5.0,0.0,39.0,10.0,0.06,420.0,54.0,0.94
527,4.0,5.0,0.0,39.0,10.0,0.058,421.0,54.0,0.942
528,4.0,5.0,0.001,39.0,10.0,0.048,422.0,54.0,0.951
529,4.0,5.0,0.0,39.0,10.0,0.045,423.0,54.0,0.955
530,4.0,5.0,0.001,40.0,10.0,0.05,423.0,54.0,0.949
531,4.0,5.0,0.001,40.0,10.0,0.061,423.0,55.0,0.938
532,4.0,5.0,0.0,40.0,10.0,0.056,424.0,55.0,0.944
533,4.0,5.0,0.0,40.0,10.0,0.063,425.0,55.0,0.937
534,4.0,5.0,0.001,40.0,10.0,0.052,426.0,55.0,0.947
535,4.0,5.0,0.0,40.0,10.0,0.055,427.0,55.0,0.945
536,4.0,5.0,0.001,40.0,10.0,0.062,428.0,55.0,0.937
537,4.0,5.0,0.0,40.0,10.0,0.052,429.0,55.0,0.948
538,4.0,5.0,0.001,40.0,10.0,0.061,430.0,55.0,0.938
539,4.0,5.0,0.002,40.0,10.0,0.057,431.0,55.0,0.941
540,4.0,5.0,0.005,40.0,10.0,0.056,432.0,55.0,0.939
541,4.0,5.0,0.001,40.0,10.0,0.046,433.0,55.0,0.953
542,4.0,5.0,0.0,40.0,10.0,0.066,434.0,55.0,0.934
543,4.0,5.0,0.001,40.0,10.0,0.052,435.0,55.0,0.947
544,4.0,5.0,0.0,40.0,10.0,0.057,436.0,55.0,0.943
545,4.0,5.0,0.0,40.0,10.0,0.042,437.0,55.0,0.958
546,4.0,5.0,0.002,40.0,10.0,0.048,438.0,55.0,0.95
547,4.0,5.0,0.0,40.0,10.0,0.043,439.0,55.0,0.957
548,4.0,5.0,0.001,40.0,10.0,0.044,440.0,55.0,0.955
549,4.0,5.0,0.001,40.0,10.0,0.047,441.0,55.0,0.952
550,4.0,5.0,0.0,40.0,10.0,0.042,442.0,55.0,0.958
551,4.0,5.0,0.0,40.0,10.0,0.056,443.0,55.0,0.944
552,4.0,5.0,0.0,40.0,10.0,0.032,444.0,55.0,0.968
553,4.0,5.0,0.0,40.0,10.0,0.057,445.0,55.0,0.943
554,4.0,5.0,0.0,40.0,10.0,0.041,446.0,55.0,0.959
555,4.0,5.0,0.0,40.0,10.0,0.044,447.0,55.0,0.956
556,4.0,5.0,0.0,40.0,10.0,0.051,448.0,55.0,0.949
557,4.0,5.0,0.002,41.0,10.0,0.038,448.0,55.0,0.96
558,4.0,5.0,0.003,41.0,10.0,0.046,449.0,55.0,0.951
559,4.0,5.0,0.001,41.0,10.0,0.046,450.0,55.0,0.953
560,4.0,5.0,0.001,41.0,10.0,0.058,451.0,55.0,0.941
561,4.0,5.0,0.002,41.0,10.0,0.051,452.0,55.0,0.947
562,4.0,5.0,0.0,41.0,10.0,0.051,453.0,55.0,0.949
563,4.0,5.0,0.0,41.0,10.0,0.041,454.0,55.0,0.959
564,4.0,5.0,0.001,41.0,10.0,0.046,455.0,55.0,0.953
565,4.0,5.0,0.001,42.0,10.0,0.057,455.0,55.0,0.942
566,4.0,5.0,0.0,42.0,10.0,0.045,456.0,55.0,0.955
567,4.0,5.0,0.001,42.0,10.0,0.065,457.0,55.0,0.934
568,4.0,5.0,0.0,43.0,10.0,0.055,457.0,55.0,0.945
569,4.0,5.0,0.0,44.0,10.0,0.057,457.0,55.0,0.943
570,4.0,5.0,0.0,44.0,10.0,0.064,458.0,55.0,0.936
571,4.0,5.0,0.0,44.0,10.0,0.069,459.0,55.0,0.931
572,4.0,5.0,0.002,44.0,10.0,0.06,460.0,55.0,0.938
573,4.0,5.0,0.0,44.0,10.0,0.061,461.0,55.0,0.939
574,4.0,5.0,0.0,44.0,10.0,0.066,462.0,55.0,0.934
575,4.0,5.0,0.0,44.0,10.0,0.069,462.0,56.0,0.931
576,4.0,5.0,0.001,44.0,10.0,0.058,463.0,56.0,0.941
577,4.0,5.0,0.001,44.0,10.0,0.056,464.0,56.0,0.943
578,4.0,5.0,0.001,44.0,10.0,0.074,464.0,57.0,0.925
579,4.0,5.0,0.0,44.0,10.0,0.067,465.0,57.0,0.933
580,4.0,5.0,0.0,44.0,10.0,0.06,466.0,57.0,0.94
581,4.0,5.0,0.0,44.0,10.0,0.063,467.0,57.0,0.937
582,4.0,5.0,0.0,44.0,10.0,0.074,468.0,57.0,0.926
583,4.0,5.0,0.0,44.0,10.0,0.062,469.0,57.0,0.938
584,4.0,5.0,0.001,44.0,10.0,0.069,470.0,57.0,0.93
585,4.0,5.0,0.0,44.0,10.0,0.067,471.0,57.0,0.933
586,4.0,5.0,0.0,44.0,10.0,0.066,472.00000000000006,56.99999999999994,0.934
587,4.0,5.0,0.0,44.0,10.0,0.068,473.0,57.0,0.932
588,4.0,5.0,0.001,44.0,10.0,0.06,474.0,57.0,0.939
589,4.0,5.0,0.0,44.0,10.0,0.066,475.0,57.0,0.934
590,4.0,5.0,0.002,44.0,10.0,0.059,476.0,57.0,0.939
591,4.0,5.0,0.002,44.0,10.0,0.045,477.0,57.0,0.953
592,4.0,5.0,0.001,44.0,10.0,0.056,478.0,57.0,0.943
593,4.0,5.0,0.001,44.0,10.0,0.064,479.0,57.0,0.935
594,4.0,5.0,0.001,44.0,10.0,0.062,480.0,57.0,0.937
595,4.0,5.0,0.0,45.0,10.0,0.051,480.0,57.0,0.949
596,4.0,5.0,0.001,45.0,10.0,0.052,481.0,57.0,0.947
597,4.0,5.0,0.001,45.0,10.0,0.08,482.0,57.0,0.919
598,4.0,5.0,0.0,45.0,10.0,0.067,483.0,57.0,0.933
599,4.0,5.0,0.001,45.0,10.0,0.058,484.0,57.0,0.941
600,4.0,5.0,0.0,45.0,10.0,0.067,485.0,57.0,0.933
601,4.0,5.0,0.003,45.0,10.0,0.046,486.0,57.0,0.951
602,4.0,5.0,0.002,45.0,10.0,0.069,487.0,57.0,0.929
603,4.0,5.0,0.001,45.0,10.0,0.059,488.0,57.0,0.94
604,4.0,5.0,0.001,45.0,10.0,0.048,489.0,57.0,0.951
605,4.0,5.0,0.002,45.0,10.0,0.051,490.0,57.0,0.947
606,4.0,5.0,0.001,46.0,10.0,0.073,490.0,57.0,0.926
607,4.0,5.0,0.0,46.0,10.0,0.072,491.0,57.0,0.928
608,4.0,5.0,0.002,46.0,10.0,0.061,491.0,58.0,0.937
609,4.0,5.0,0.001,46.0,10.0,0.064,491.0,59.0,0.935
610,4.0,5.0,0.0,46.0,10.0,0.08,492.0,59.0,0.92
611,4.0,5.0,0.001,46.0,10.0,0.086,493.0,59.0,0.913
612,4.0,5.0,0.001,46.0,10.0,0.063,494.0,59.0,0.936
613,4.0,5.0,0.0,46.0,10.0,0.088,495.0,59.0,0.912
614,4.0,5.0,0.001,47.0,10.0,0.095,495.0,59.0,0.904
615,4.0,5.0,0.0,47.0,10.0,0.091,495.0,60.0,0.909
616,4.0,5.0,0.001,47.0,10.0,0.089,496.0,60.0,0.91
617,4.0,5.0,0.0,47.0,10.0,0.079,497.0,60.0,0.921
618,4.0,5.0,0.0,47.0,10.0,0.073,498.0,60.0,0.927
619,4.0,5.0,0.002,47.0,10.0,0.08,499.0,60.0,0.918
620,4.0,5.0,0.001,47.0,10.0,0.081,499.0,61.0,0.918
621,4.0,5.0,0.0,47.0,10.0,0.091,500.0,61.0,0.909
622,4.0,5.0,0.0,47.0,10.0,0.095,501.0,61.0,0.905
623,4.0,5.0,0.001,47.0,10.0,0.095,501.0,62.0,0.904
624,4.0,5.0,0.0,47.0,10.0,0.096,502.0,62.0,0.904
625,4.0,5.0,0.0,48.0,10.0,0.114,502.0,62.0,0.886
626,4.0,5.0,0.001,48.0,10.0,0.086,502.99999999999994,62.00000000000006,0.913
627,4.0,5.0,0.003,48.0,10.0,0.093,504.0,62.0,0.904
628,4.0,5.0,0.001,48.0,10.0,0.115,505.0,62.0,0.884
629,4.0,5.0,0.001,48.0,10.0,0.099,506.0,62.0,0.9
630,4.0,5.0,0.0,48.0,10.0,0.107,507.0,62.0,0.893
631,4.0,5.0,0.0,48.0,10.0,0.09,508.0,62.0,0.91
632,4.0,5.0,0.001,48.0,10.0,0.088,509.0,62.0,0.911
633,4.0,5.0,0.0,48.0,10.0,0.091,510.0,62.0,0.909
634,4.0,5.0,0.0,48.0,10.0,0.094,510.0,63.0,0.906
635,4.0,5.0,0.001,48.0,10.0,0.117,511.0,63.0,0.882
636,4.0,5.0,0.0,48.0,10.0,0.089,512.0,63.0,0.911
637,4.0,5.0,0.0,48.0,10.0,0.096,513.0,63.0,0.904
638,4.0,5.0,0.001,49.0,10.0,0.106,513.0,63.0,0.893
639,4.0,5.0,0.002,49.0,10.0,0.103,514.0,63.0,0.895
640,4.0,5.0,0.001,49.0,10.0,0.105,515.0,63.0,0.894
641,4.0,5.0,0.002,49.0,10.0,0.109,516.0,63.0,0.889
642,4.0,5.0,0.001,49.0,10.0,0.105,517.0,63.0,0.894
643,4.0,5.0,0.0,49.0,10.0,0.1,518.0,63.0,0.9
644,4.0,5.0,0.001,49.0,10.0,0.097,519.0,63.0,0.902
645,4.0,5.0,0.0,49.0,10.0,0.104,520.0,63.0,0.896
646,4.0,5.0,0.0,49.0,10.0,0.086,521.0,63.0,0.914
647,4.0,5.0,0.002,49.0,10.0,0.095,522.0,63.0,0.903
648,4.0,5.0,0.001,49.0,10.0,0.089,523.0,63.0,0.91
649,4.0,5.0,0.0,49.0,10.0,0.088,524.0,63.0,0.912
650,4.0,5.0,0.001,49.0,10.0,0.091,525.0,63.0,0.908
651,4.0,5.0,0.0,49.0,10.0,0.101,525.0,64.0,0.899
652,4.0,5.0,0.0,49.0,10.0,0.103,526.0,64.0,0.897
653,4.0,5.0,0.002,50.0,10.0,0.133,526.0,64.0,0.865
654,4.0,5.0,0.001,50.0,10.0,0.101,527.0,64.0,0.898
655,4.0,5.0,0.001,50.0,10.0,0.099,528.0,64.0,0.9
656,4.0,5.0,0.002,50.0,10.0,0.107,529.0,64.0,0.891
657,4.0,5.0,0.002,50.0,10.0,0.101,530.0,64.0,0.897
658,4.0,5.0,0.0,50.0,10.0,0.104,531.0,64.0,0.896
659,4.0,5.0,0.0,50.0,10.0,0.096,532.0,64.0,0.904
660,4.0,5.0,0.002,50.0,10.0,0.105,533.0,64.0,0.893
661,4.0,5.0,0.001,50.0,10.0,0.113,534.0,64.0,0.886
662,4.0,5.0,0.002,50.0,10.0,0.097,535.0,64.0,0.901
663,4.0,5.0,0.0,50.0,10.0,0.103,536.0,64.0,0.897
664,4.0,5.0,0.002,50.0,10.0,0.094,536.0,65.0,0.904
665,4.0,5.0,0.0,50.0,10.0,0.093,537.0,65.0,0.907
666,4.0,5.0,0.0,50.0,10.0,0.114,538.0,65.0,0.886
667,4.0,5.0,0.001,50.0,10.0,0.089,539.0,65.0,0.91
668,4.0,5.0,0.0,50.0,10.0,0.101,540.0,65.0,0.899
669,4.0,5.0,0.001,50.0,10.0,0.112,541.0,65.0,0.887
670,4.0,5.0,0.0,50.0,10.0,0.086,542.0,65.0,0.914
671,4.0,5.0,0.001,51.0,10.0,0.133,542.0,65.0,0.866
672,4.0,5.0,0.002,51.0,10.0,0.096,543.0,65.0,0.902
673,4.0,5.0,0.0,51.0,10.0,0.121,544.0,65.0,0.879
674,4.0,5.0,0.0,52.0,10.0,0.116,544.0,65.0,0.884
675,4.0,5.0,0.0,53.0,10.0,0.144,544.0,65.0,0.856
676,4.0,5.0,0.0,53.0,11.0,0.077,544.0,65.0,0.923
677,4.0,5.0,0.0,53.0,11.0,0.075,545.0,65.0,0.925
678,4.0,5.0,0.001,53.0,11.0,0.076,546.0,65.0,0.923
679,4.0,5.0,0.0,54.0,11.0,0.096,546.0,65.0,0.904
680,4.0,5.0,0.002,54.0,11.0,0.08,547.0,65.0,0.918
681,4.0,5.0,0.0,54.0,11.0,0.075,548.0,65.0,0.925
682,4.0,5.0,0.002,54.0,11.0,0.079,549.0,65.0,0.919
683,4.0,5.0,0.0,54.0,11.0,0.083,550.0,65.0,0.917
684,4.0,5.0,0.0,54.0,11.0,0.078,550.0,66.0,0.922
685,4.0,5.0,0.0,54.0,11.0,0.089,551.0,66.0,0.911
686,4.0,5.0,0.001,54.0,11.0,0.076,552.0,66.0,0.923
687,4.0,5.0,0.003,54.0,11.0,0.088,552.0,67.0,0.909
688,4.0,5.0,0.0,54.0,11.0,0.082,553.0,67.0,0.918
689,4.0,5.0,0.0,54.0,11.0,0.093,554.0,67.0,0.907
690,4.0,5.0,0.001,54.0,11.0,0.107,555.0,67.0,0.892
691,4.0,5.0,0.0,54.0,11.0,0.088,556.0,67.0,0.912
692,4.0,5.0,0.0,54.0,11.0,0.108,556.0,68.0,0.892
693,4.0,5.0,0.003,54.0,11.0,0.087,557.0,68.0,0.91
694,4.0,5.0,0.001,54.0,11.0,0.082,558.0,68.0,0.917
695,4.0,5.0,0.001,54.0,11.0,0.105,559.0,68.0,0.894
696,4.0,5.0,0.003,54.0,11.0,0.094,560.0,68.0,0.903
697,4.0,5.0,0.0,54.0,11.0,0.085,561.0,68.0,0.915
698,4.0,5.0,0.0,54.0,11.0,0.089,562.0,68.0,0.911
699,4.0,5.0,0.001,54.0,11.0,0.082,563.0,68.0,0.917
700,4.0,5.0,0.001,54.0,11.0,0.094,564.0,68.0,0.905
701,4.0,5.0,0.001,54.0,11.0,0.082,565.0,68.0,0.917
702,4.0,5.0,0.0,54.0,11.0,0.082,566.0,68.0,0.918
703,4.0,5.0,0.0,54.0,11.0,0.077,567.0,68.0,0.923
704,4.0,5.0,0.002,54.0,11.0,0.068,568.0,68.0,0.93
705,4.0,5.0,0.0,54.0,11.0,0.085,569.0,68.0,0.915
706,4.0,5.0,0.001,54.0,11.0,0.078,570.0,68.0,0.921
707,4.0,5.0,0.0,54.0,11.0,0.105,571.0,68.0,0.895
708,4.0,5.0,0.002,54.0,11.0,0.102,572.0,68.0,0.896
709,4.0,5.0,0.001,54.0,11.0,0.087,573.0,68.0,0.912
710,4.0,5.0,0.001,55.0,11.0,0.086,573.0,68.0,0.913
711,4.0,5.0,0.0,55.0,11.0,0.087,574.0,68.0,0.913
712,4.0,5.0,0.0,55.0,11.0,0.094,575.0,68.0,0.906
713,4.0,5.0,0.0,56.0,11.0,0.085,575.0,68.0,0.915
714,4.0,5.0,0.002,56.0,11.0,0.082,576.0,68.0,0.916
715,4.0,5.0,0.0,56.0,11.0,0.117,577.0,68.0,0.883
716,4.0,5.0,0.001,56.0,11.0,0.103,578.0,68.0,0.896
717,4.0,5.0,0.001,56.0,11.0,0.108,578.0,69.0,0.891
718,4.0,5.0,0.001,56.0,11.0,0.109,579.0,69.0,0.89
719,4.0,5.0,0.0,56.0,11.0,0.087,580.0,69.0,0.913
720,4.0,5.0,0.001,57.0,11.0,0.104,580.0,69.0,0.895
721,4.0,5.0,0.002,57.0,11.0,0.116,581.0,69.0,0.882
722,4.0,5.0,0.001,58.0,11.0,0.09,581.0,69.0,0.909
723,4.0,5.0,0.0,58.0,11.0,0.122,582.0,69.0,0.878
724,4.0,5.0,0.001,59.0,11.0,0.116,582.0,69.0,0.883
725,4.0,5.0,0.0,59.0,11.0,0.116,583.0,69.0,0.884
726,4.0,5.0,0.001,59.0,11.0,0.125,584.0,69.0,0.874
727,4.0,5.0,0.001,59.0,11.0,0.129,585.0,69.0,0.87
728,4.0,5.0,0.002,59.0,11.0,0.094,586.0,69.0,0.904
729,4.0,5.0,0.001,59.0,11.0,0.106,587.0,69.0,0.893
730,4.0,5.0,0.001,59.0,11.0,0.106,588.0,69.0,0.893
731,4.0,5.0,0.001,59.0,11.0,0.132,589.0,69.0,0.867
732,4.0,5.0,0.0,59.0,11.0,0.126,590.0,69.0,0.874
733,4.0,5.0,0.001,60.0,11.0,0.101,590.0,69.0,0.898
734,4.0,5.0,0.0,60.0,11.0,0.126,591.0,69.0,0.874
735,4.0,5.0,0.001,60.0,11.0,0.12,592.0,69.0,0.879
736,4.0,5.0,0.001,60.0,11.0,0.114,593.0,69.0,0.885
737,4.0,5.0,0.001,60.0,11.0,0.108,594.0,69.0,0.891
738,4.0,5.0,0.0,60.0,11.0,0.112,595.0,69.0,0.888
739,4.0,5.0,0.001,60.0,11.0,0.114,596.0,69.0,0.885
740,4.0,5.0,0.0,60.0,11.0,0.128,597.0,69.0,0.872
741,4.0,5.0,0.0,60.0,11.0,0.109,597.0,70.0,0.891
742,4.0,5.0,0.0,60.0,11.0,0.128,598.0,70.0,0.872
743,4.0,5.0,0.002,60.0,11.0,0.119,599.0,70.0,0.879
744,4.0,5.0,0.003,60.0,11.0,0.121,600.0,70.0,0.876
745,4.0,5.0,0.0,60.0,11.0,0.103,601.0,70.0,0.897
746,4.0,5.0,0.0,60.0,11.0,0.113,602.0,70.0,0.887
747,4.0,5.0,0.0,60.0,11.0,0.126,603.0,70.0,0.874
748,4.0,5.0,0.003,60.0,11.0,0.122,604.0,70.0,0.875
749,4.0,5.0,0.001,60.0,11.0,0.126,605.0,70.0,0.873
750,4.0,5.0,0.0,60.0,11.0,0.118,606.0,70.0,0.882
751,4.0,5.0,0.0,60.0,11.0,0.134,607.0,70.0,0.866
752,4.0,5.0,0.001,60.0,11.0,0.125,608.0,70.0,0.874
753,4.0,5.0,0.0,60.0,11.0,0.103,609.0,70.0,0.897
754,4.0,5.0,0.001,60.0,11.0,0.117,610.0,70.0,0.882
755,4.0,5.0,0.0,61.0,11.0,0.138,610.0,70.0,0.862
756,4.0,5.0,0.001,61.0,11.0,0.13,611.0,70.0,0.869
757,4.0,5.0,0.0,61.0,11.0,0.111,612.0,70.0,0.889
758,4.0,5.0,0.0,62.0,11.0,0.121,612.0,70.0,0.879
759,4.0,5.0,0.002,62.0,11.0,0.152,613.0,70.0,0.846
760,4.0,5.0,0.003,62.0,11.0,0.139,614.0,70.0,0.858
761,4.0,5.0,0.0,62.0,11.0,0.128,615.0,70.0,0.872
762,4.0,5.0,0.0,62.0,11.0,0.133,616.0,70.0,0.867
763,4.0,5.0,0.001,63.0,11.0,0.128,616.0,70.0,0.871
764,4.0,5.0,0.001,63.0,11.0,0.142,617.0,70.0,0.857
765,4.0,5.0,0.0,63.0,11.0,0.121,618.0,70.0,0.879
766,4.0,5.0,0.001,63.0,11.0,0.129,619.0,70.0,0.87
767,4.0,5.0,0.0,63.0,11.0,0.123,620.0,70.0,0.877
768,4.0,5.0,0.0,63.0,11.0,0.137,621.0,70.0,0.863
769,4.0,5.0,0.0,63.0,11.0,0.13,622.0,70.0,0.87
770,4.0,5.0,0.0,63.0,12.0,0.074,622.0,70.0,0.926
771,4.0,5.0,0.0,63.0,12.0,0.084,622.0,71.0,0.916
772,4.0,5.0,0.002,63.0,12.0,0.074,623.0,71.0,0.924
773,4.0,5.0,0.0,63.0,12.0,0.073,624.0,71.0,0.927
774,4.0,5.0,0.0,63.0,12.0,0.09,624.0,72.0,0.91
775,4.0,5.0,0.0,63.0,12.0,0.085,625.0,72.0,0.915
776,4.0,5.0,0.0,63.0,12.0,0.086,625.0,73.0,0.914
777,4.0,5.0,0.0,63.0,12.0,0.12,626.0,73.0,0.88
778,4.0,5.0,0.0,63.0,12.0,0.097,627.0,73.0,0.903
779,4.0,5.0,0.0,63.0,12.0,0.102,628.0,73.0,0.898
780,4.0,5.0,0.001,63.0,12.0,0.087,629.0,73.0,0.912
781,4.0,5.0,0.0,64.0,12.0,0.093,629.0,73.0,0.907
782,4.0,5.0,0.001,64.0,12.0,0.088,630.0,73.0,0.911
783,4.0,5.0,0.001,65.0,12.0,0.085,630.0,73.0,0.914
784,4.0,5.0,0.001,65.0,12.0,0.122,630.0,74.0,0.877
785,4.0,5.0,0.0,65.0,12.0,0.139,631.0,74.0,0.861
786,4.0,5.0,0.0,65.0,12.0,0.104,632.0,74.0,0.896
787,4.0,5.0,0.001,65.0,12.0,0.089,633.0,74.0,0.91
788,4.0,5.0,0.0,66.0,12.0,0.117,633.0,74.0,0.883
789,4.0,5.0,0.0,66.0,12.0,0.13,634.0,74.0,0.87
